x1,x2,z1,z2,z3,z4,z5,z6,z7,z8,iteration
1.4868362169408709,4.973024075832802,0.2719282805224168,-0.2693711953867721,0.7456012926208406,-0.2413269792828121,0.9684095118771658,0.12764858279776004,1.6682226637248654,-1.8727330025645492,1
2.8286141841696755,9.707913295169474,0.29494865275576787,-0.7801498069995998,0.5997801414654722,-0.6485493853191726,0.38540267264706607,0.9711063299508118,2.353093761243807,-0.7837331809572512,1
2.9431017776377724,0.6240695839993127,-0.13273753650748565,-0.3160348234725112,0.20362361881402213,-0.6693967794190043,1.2492247459993173,-0.3556698296125971,0.6990937649335307,-1.1520288725064736,1
2.504392431964493,3.4264421745216103,-1.0290364517100494,0.4846926732721588,1.6124859111794336,-0.3913035977805639,1.7091976152226875,-0.36617964588911645,-0.2257200323869979,-2.0006141502812134,1
1.7741476528869933,8.947427793008174,0.310288636661888,-1.2362060474489127,1.5089000971270412,-1.318938337155962,0.5764920790061545,0.9297670928088797,1.3944129439053916,-0.34653977521636126,1
2.1394876847395996,3.4629425992358316,0.5310135898121287,0.38284553784545716,0.6544888907808328,-1.1634567598366474,2.4316283771526583,-0.5630315149273577,-0.8441427310368832,-0.8655557101018685,2
0.6853572080608098,4.69830987489901,0.6669751636732122,-1.463415416472583,-1.5938754875658696,-1.7915751990566244,0.2224095381991802,0.1822177425629805,-0.7238389241913039,2.0603020534253487,2
0.9357538123991734,1.8023390353701823,-0.11314207588077219,-0.738383415414174,0.11322456852039098,-0.542789211131586,1.1842461630552243,0.12654747450566095,-0.17482136951195537,-1.5045739942973688,2
0.5980682211880323,3.2661141439405337,-0.7391314614118469,0.14653468597090136,-0.37893482988059457,0.2395157049420238,1.3346354366961117,0.7930904012761499,1.926737687047142,0.6617471324176005,2
1.0473583539778812,6.4276746921080505,0.17035404970987855,0.397678389674994,0.56886287157905,0.004987650414379985,0.02231101048597406,0.9550922480059318,1.3997787584961565,-1.7424451270625583,2
1.8626217454019112,7.025107076612417,0.6625497071016779,-0.7184929991655222,1.870879346160688,-2.261833396824156,0.7210979175998835,1.3658592413266755,2.4943390211113394,-0.9859633222931712,2
2.0349022206308507,4.3598490331242505,-0.05905482107256166,0.18720497310299722,-1.7127043101577752,-1.387744532721034,1.838898859223014,1.2416181932810635,1.5816506212196515,0.5378567462742403,2
2.7915145582669636,0.8100105632225129,0.5840385160223964,-0.4171117337453669,-0.06380864748915682,-0.25202173422410334,0.9625736066244217,-1.0328759337869275,0.812548928213769,-1.6822101672123115,2
1.6734184196650923,4.441890004400856,0.59980118923469,1.7500039408217694,-0.5567918723336249,-2.193167599006081,2.2007794029239323,-0.4903074669561882,-0.54209702666891,0.31553306406599946,3
0.9522275367010464,4.3894276351109625,-0.923829731711677,0.14828003982776883,-2.7013193402259783,-1.5779719961294612,0.7762887364476407,1.308667226592794,2.0455511336116015,1.9700529959025843,3
1.4744236638917843,6.273393208500789,0.3610995387875664,0.33480475838489854,-2.031891946462922,-0.09468002380283735,1.2386266013572271,-0.35175511526629966,1.276221370722979,1.731720694239539,3
1.8369341290179215,1.8948931033143621,0.40592335552713443,-0.2399246777205879,-0.2055138160670782,-1.2981959167238255,1.034504955332638,-0.24592479099850117,-2.3469962318336246,-0.9120631538267296,3
1.8537129788570132,4.679541985204772,-0.060071144066141,-0.644444250389872,-1.9254045241519724,-1.0355999757387635,1.9547405982266728,0.6969833693522549,2.097666681756163,-1.5409510351201072,3
2.152391442644279,1.6343832278893333,0.3242376056836016,-0.24448682641792852,-0.3615605482566484,-1.769397888070119,2.8427244763034833,-0.3971969360954739,0.35326297957213093,-0.25405497519547504,3
1.2427631601948579,4.8179223852692585,-0.37441858412500073,0.12026203946176128,-1.2068533548820737,-0.9260447494339186,1.485903068678879,3.1846704832935604,1.5983421765982615,0.4020756564732828,3
2.818651945771292,5.0729870728726905,0.6127735774786389,0.18373287941251393,1.4042725285606608,-1.512609240530216,3.015846847055025,-0.8546960455824635,-0.08544109192981297,-1.8178654928102143,3
1.417440625538523,4.7056245801136285,-0.5268826060042917,-0.5847516473555423,-0.8700779257814748,0.5874919484850767,0.8917689815533443,0.4517721125947358,1.7671377566861652,-0.8306803130720801,3
2.1349365409690018,4.735908304225054,-0.3734393401488121,0.4418307811479969,1.2799468308479112,0.3067435054802661,0.2314230045995762,0.1177347549990535,1.923536470758651,-1.5506664151010197,3
1.8933744993083117,3.635883946584868,1.4812379043333204,1.6537391500336627,0.08219416426341875,-1.4653758421480108,2.596485443828554,-1.4841873960685033,-0.8126863159153936,-1.664087897472518,4
0.38962791666721286,3.535592953273215,-0.45552514867758553,-0.8657735257373962,0.598678509581231,-1.4537712637480456,1.14979410579088,1.3166261759379054,2.600275014067635,-1.0059524554141723,4
2.061381807605614,0.8508479072137425,1.174293366958874,-0.9739647534671048,0.17677332336527307,-1.89743243930389,2.4089525229952153,-0.5403508462347808,1.5459219580909371,-1.0739417034763834,4
1.198749442377128,3.7797152586691323,0.7066749038137425,-0.04432496423974275,-0.9991839585104427,-1.8554455002680574,1.199759198894033,1.6277412808670704,1.3594235868200224,-1.3438425635049607,4
0.9031645235111578,3.846988754942683,0.14501058736766126,0.2654605971113351,0.5332189507415359,-0.597450314453329,0.5553579821830263,0.2558168499056084,2.690193646718142,0.31781196469058726,4
2.3052696694871,4.8013350347606085,0.951523809573958,-0.43302199820541576,-1.3386968534131423,-0.970120877916552,1.3699300303161888,-0.38742720067349756,2.095870228322605,0.23202954922338392,4
2.4020017740504844,2.9885215274645027,0.07921667878603733,0.6317924735531633,-2.300490259188773,-1.3469619872754075,2.1181337713530928,0.03742261430309579,1.0408272057115218,0.48717107676319316,4
0.99375637040675,5.493941091973117,-0.34642488239470337,0.3606972167711282,0.801387512872707,0.3708674748656704,0.8524976972513096,0.23166157406212662,1.6918354394035422,-1.5989116652721869,4
1.6349458963154042,3.6011167223295892,0.9555331864691583,1.5597004682467306,-2.7756314361953374,-1.2699131777742951,1.126830955728681,0.32303171218616056,1.0969301710646469,-1.3560375014431367,5
2.3280231896263888,2.399005881828027,-0.5649730549562522,0.8166572230629972,0.4682445507468884,-3.1251151899483562,1.973245855905744,1.0741519217943196,-0.028387662892606524,-0.10004544241949054,5
0.7623903789673794,3.9644377890150375,0.28154738172216254,0.8932202424408588,-1.7904235181646238,-2.1948664630316026,1.1182134172829636,3.005994904284588,-0.3932905920831469,0.03759173224136614,5
2.642636437744765,2.9711504017793935,0.7919398713794061,0.9074625730684489,-0.7622485941723656,-2.902564630860391,0.7888605211140227,-0.4080352305563675,0.8915260559854588,0.11621089441854071,5
0.532848982685955,5.504254171073631,0.7805795946182132,1.323543352607139,-0.5385473315060287,-0.737316758647105,1.0157787701035614,-0.005196227955589716,1.48395397937594,-0.21917265203568892,5
0.9840598763942098,5.821150968606672,-0.014760156158851068,-0.36787380544170967,-1.1158114894198994,-1.6245615152097586,1.2107044403806526,3.4132706489035645,1.9394485271864692,-1.4194774839994546,5
1.5428504038481512,4.617288169060345,0.13155207893966514,1.2602151886719852,-1.4294553784805673,-1.581464343912053,1.7918950320790143,2.4234012096297732,2.5072415876568277,0.25396734708252433,5
1.4912620786580895,2.7997595147509107,0.12673254179260907,0.44207784451775245,-1.5110196273096899,-0.23728223436236195,2.501834223441434,1.2668600427993288,1.850732524292745,0.5327920176331085,5
1.6519784280729395,5.427791754946838,0.5001845286955904,0.23405766647862114,0.04419534879877096,-1.2373239407297496,1.1073117285593765,1.3757647003883693,1.763002925931156,-1.5302977996510716,5
1.0245739365848772,3.828533044623549,0.07790070310232755,1.6220200228199007,-0.1285108827221837,-2.512691995041741,1.9126178354269774,0.3193054455274762,-0.5957001413933025,-1.466196836893085,6
1.5058512749160897,6.535069862973878,0.17005663605142907,0.6973100564617072,-0.4473555074543789,-2.6894453798053806,2.140255633933158,0.0910275104329843,0.6151857025619218,-1.1034626719889165,6
1.624600184763175,3.6133787031247464,0.2552973055042487,0.3045114785067682,-0.5470618774581903,-2.9947144364454266,1.2124797023379044,-0.8776524415349267,0.285531693364236,1.1797684782098448,6
1.0214521346852208,1.208980881935016,1.0686083005639038,0.14818036896916986,-0.6437440766704001,-2.2942792756761508,0.8553746379868823,-0.3771374226261226,1.260205496701413,-0.5152274357453079,6
0.37195964144781835,7.189037348397282,0.5146759596854125,-0.28200849886123036,-0.8245338438713801,-1.1457021839111192,0.9525089687176607,1.757486069651566,2.1840322840833553,-1.0860789107377806,6
2.6661704230392362,1.7045284482551786,-1.2579006331580054,0.4728609605449532,-0.31739096433457803,-2.750220651308995,1.4645467822477256,0.31556937779309635,-0.1088657009763363,-0.624909852719258,6
1.5023003266390025,5.360972718461993,0.11284240528332345,0.5815247621485753,-0.2286172609339303,-2.1962296038741638,1.558909584619716,2.5909266971342015,0.8350691253370148,-0.6648300102409015,6
2.726146713231947,2.7175851351284113,-0.41299998160107076,0.8064393387866904,-1.2687541530955282,-2.2468307504662235,2.448635816573308,-0.3583245495048537,-0.4968823522429071,-0.9263545777336175,7
2.68345637922445,7.087723540659454,0.714486537474976,-0.20384451225643696,-1.690578113782635,-1.6101188105301714,0.7774077687024352,0.13140361754224994,1.25387356789189,1.7113532512580605,8
1.5042804523095785,5.727433339697995,-0.5969791732568748,0.4727721054461589,-2.438893902247752,-1.922709416173024,1.5545037973268672,-0.6925313885931377,0.9003571695158348,2.080527802697282,8
1.8803317120992717,2.663030418869223,-0.5790221057693539,0.9811786098189543,-1.4295137532850741,-1.2912962372991141,1.3856154168634358,3.036977271237589,0.45476119984716856,-0.10084859224381493,8
2.685068917108061,7.595243466852239,0.37044005523013235,0.04625448477869831,0.9103293077529235,-1.5245120332438016,0.16998618416218925,1.5153951379166264,1.9864465080956268,-0.0976276326932406,8
2.4961489976656672,1.582655829968989,0.6329894943348879,-0.08081705202278178,-0.8437515657667864,-1.8944979852713177,1.9467308144812279,-0.5617263168018947,-0.23064997220421857,0.4415414001310536,8
1.5840946417780095,2.792819518396162,1.3978435781901775,0.21392466606618843,-0.559844971987562,-1.2340348621854726,0.7439513875672041,-0.6682059403401961,0.007962292858278097,-0.2522783264982067,9
2.9648944041130076,1.8582650795392621,0.012520450221774393,1.0733115712854349,-0.9573003215993405,-1.8340535990220224,1.5587954794445578,-0.6040564779162965,0.854454752877476,-1.2451625477200745,9
1.2324339645709643,3.5659948300701694,-1.0103976219056594,0.0779381663200267,-1.1610208890799936,-0.3200730663648703,1.4448437964412477,0.2739347797354368,2.478979466545276,-0.3109584213326513,9
0.5303641322061177,2.737709880659351,0.1138232044075087,0.744901917810112,-1.1218019578354521,-2.5146051231539097,1.5038553781834505,0.19882339857787334,1.6556137237178499,-1.159141347052445,10
1.3957471493134879,3.8077832515354815,-0.1473779790918588,0.6976432459930768,-0.8839874777298893,-0.7013557764067899,2.0399507077546186,0.5718326173706352,2.3691122148497765,0.6954579317017009,10
2.0814019918029363,6.738756712900597,-0.5511053356034639,1.0144314665542464,-1.9851265126453812,-1.058164770371071,1.000868808345369,-0.2886778961419505,0.7783170699515414,-1.1488318657386207,11
1.7415142200842366,6.032426157884698,1.0510879956456112,0.7039228155104498,-0.6244007704960159,-1.928314266611456,0.9885206711452801,-0.7225473883916764,1.8959875285126921,-0.9960935550895309,11
1.65595787611255,3.1542611130931006,0.042161049277745555,1.139490192184898,-0.49777232275978367,-2.6759180028181238,1.171650591861778,-1.5664551292457942,1.2597002850396475,-1.0514239030382788,11
1.7050510281701214,2.3615630041560496,1.3345579626868922,0.8521964316384789,-0.4236011815946159,-2.657169254595213,1.4172559291563278,-0.005453288405419254,1.3290501173843738,-0.8507627718251511,11
2.0575929213849173,1.2966882836775153,0.1328334240344553,-0.6635492262862654,-1.0861297481104755,-3.0100372216076132,2.566310662129565,1.846070969262061,0.7035210152245006,0.1556058517525627,12
1.2144155730548847,2.0288817649150594,0.4280382329409558,1.2592775369962075,-2.47208734955804,-2.0316857450553014,1.6433745082621805,1.1640786004864436,-0.4815438797790379,-1.3030024911023625,12
0.8871676004689483,3.4018158162288143,0.17300290860922507,0.6875048307806044,-0.7634022708705319,-1.2114607518687999,0.4111668019020245,-0.4920742145692725,1.381635060493021,-1.4712401623049447,12
1.8404337387010457,3.836436790585083,0.4443248839187408,0.48373245542144616,-0.6927563523256777,-1.3879553746504703,1.607634125607067,1.2824937090310904,0.8244457149801248,-0.16822014412644393,12
1.441091934698448,2.305455099638538,1.6982945036561006,0.7800750971509403,-0.97277704603733,-2.1637115359110215,0.5982770973787481,-1.7007717188552265,-0.039180283019715656,0.8379463212497611,13
1.7587197556642324,0.826338405540632,1.3367960578125286,-0.4315901086553735,0.23239765037251292,-2.6037511502301407,2.1724689510665627,-0.015791619136365398,0.8809631843633348,-0.29382594257882744,13
2.8574663364387485,6.004840942841392,0.7518364186633955,0.7814788502997074,-1.9101466041085002,-1.4164976715556339,1.0532076925399982,-0.3243250869653782,0.7908614988457257,-0.1471157311993463,14
1.031409113365504,2.2869498906663193,-0.42975187216050603,0.9970543246902026,-0.36499197716973475,-2.6830642982154993,2.202363126607204,0.7665276470770208,0.7348119197432106,0.25203803492161514,14
2.180212875737779,6.4862813147376555,0.3028809640608232,-0.13702045020212905,-1.5680181454236466,-0.25676051133447464,0.986694758723405,-0.9842967716812112,2.038453753256462,-0.6330083491481355,14
1.125226447467631,5.759389387011039,0.5147960248457193,0.7626954029972746,-1.6705129400229142,-2.7802991018890166,1.7138636494842272,1.719002518644471,0.6466792799887777,-0.8104646023455977,14
1.383747508137314,2.2622173308980997,0.5599773166065543,0.8506629366180438,-0.7826209410274263,-2.6492962675097047,0.8580287431655158,-0.17760798860756433,-0.0238775863321119,-0.9618563105729223,15
1.11072461486882,6.123068315262499,-0.17829663849604982,0.30495358476464585,-0.46902791634768315,-3.091539048144417,0.8561545154018324,-0.04767496883475841,1.6092136829936425,1.6047946391769585,16
0.349554425830116,4.383889989281716,1.321335496898974,0.9351352530696135,0.3737548816404943,-1.5947242139688371,2.683279321883985,0.48538015668575607,0.21044992558927778,-0.8677777095820263,16
1.170446647133207,4.2294441159311535,1.2298454033588446,1.0042044706953144,-0.2971931287014953,-1.572710391580415,0.721519705007049,-0.9348878874958764,-0.29605500961081566,0.7859610430725228,16
0.6332573987177247,2.5750084579422143,0.2194841743472975,0.7750718083929344,-1.1590820120576943,-1.6228488002919983,1.241916634436925,0.5138794805784852,0.13119811154826522,-1.7281325008013608,16
2.50683800793691,5.80168468579363,1.2222325034392973,1.1515075005518156,-0.8514635198998399,-1.1949592612833198,2.4853310737064405,-1.129005159139181,-1.10218395053822,-0.6156171920166593,17
1.5195690463513896,2.465726795773362,-1.0775556402367232,0.9340173217424557,-2.0618729436109597,-3.148393673355744,2.609092811937211,2.2168082595838765,0.8168914479898204,-0.32831291728222567,17
0.8443104581788764,2.742518805222825,0.269983777562095,0.23836582167717868,-2.24147492667239,-1.793412075460089,2.755135137956769,-0.5445969514116848,-0.31012930696723817,-0.993920647807575,17
0.42141234069923483,1.6248938979228507,-0.46626385050778296,-0.2686824243735826,-1.5848319871706782,-1.3839343868464125,1.9857433326420821,0.6099683709980117,0.6001146267178186,-0.9568523549019254,17
2.1610886579292354,3.343848206812626,0.8042861717378593,1.1173471180675687,-1.627489963779299,-1.305601720536587,1.6942060479745438,2.038360028842929,2.1790598448392062,-0.673478202113446,17
2.1871360902229435,4.909025296131101,0.3910167475211064,-0.07833314905394761,-2.2396805685234895,-1.075553415081699,1.0210556498489245,1.3040675867368106,2.646198943976941,0.062373554573065704,17
1.370478104483491,2.61761641774704,0.2175695793382717,1.368917253438937,-0.7805816796681211,-2.951110251700358,2.3757975979878667,0.5867770995785464,-0.033275088913124584,-1.2593356824098076,17
1.860611056025071,2.9948105339348055,-0.407864951678897,1.7347496799629596,-1.6487434121636149,-0.7291609954362697,1.2552088492294553,0.18912547758400278,-0.26886020781765074,-1.4554317592047061,18
1.6192783699922322,4.3192650077118415,-0.10016237157442731,0.9388090243764204,-1.6167648617344161,-2.2332031486335424,0.6516443824777927,-0.9076645647982924,0.5066818822714794,0.30209545505022506,18
1.1063110891727217,4.6757284174298395,0.8273336285628887,0.8116703007821329,-0.1743723919256226,-1.100495436946126,0.9660066417421449,-2.1972565414832803,0.3469263629371344,0.822337238574907,18
0.979112375723228,2.547128853641383,0.886833631431045,-0.16158821448710325,-1.3742997553951717,-2.7170431995249134,0.7871483374042505,-0.11781249436338292,0.7066010854274456,0.07496865651737883,18
0.1485000471201022,3.490245219169757,1.2497269815034437,0.9323556662373904,0.19803766174847715,-1.3680125795404805,2.2270000817876365,-0.9379913393423545,-0.06047575363174795,-0.4818559536886893,18
2.431817441118907,4.983220961446699,-0.4473977333479784,1.7013971460211543,-2.381988851688469,-1.4967089556062796,1.8183672254706869,2.346539371416214,1.2552780530406866,0.5515395557468388,19
1.3178772569733217,1.7197922365857303,2.005529670944087,0.568189558872445,-1.7771171024725452,-2.1013773445057584,1.430203974120344,1.0615392310396388,1.044004688326253,-1.7984478712469443,19
0.7247080084466639,5.541717442812372,0.26469806055061085,0.7562678597894941,0.9016559472366015,-0.7211266881641678,0.1758221259783319,-1.485190482754174,1.6688191339573635,-1.688582242174431,19
1.1811436305773475,4.264864220943948,-0.18323298451030867,0.659970253014154,0.4154097616352952,-2.7708698741643376,3.147897321433054,-0.17816058658294764,0.23459613763650333,-0.08863669526158757,19
1.5673793295449598,2.708248870481199,1.3001770479451782,1.9156447443739797,-0.9541004031304539,-2.443016127123891,1.1334316194750498,-0.1577265471601561,0.7577189447771793,-0.32686709493873733,19
1.7612822341356902,5.080258610187696,0.24055298139198156,1.3673543412646199,-0.26024455893934606,-1.4601697563010383,1.8752962175272119,-1.6505361318053735,-0.5989286571331518,-1.2797373166881119,19
2.9047094310254664,1.0132103781741477,0.060939938011257855,0.009734024020464194,-0.9510674255178202,-0.9423634320237833,1.7025391315889928,-1.0386156302553036,0.6971165492512328,-1.5111118584241146,19
1.688926418470969,4.228550459489793,0.185457195093516,0.9935355188034207,-0.11054422096469274,-2.0049914079178777,1.8483177935916348,-0.11392968756726018,1.4449963599170932,-0.04341130213682254,19
1.447824127169384,5.389898145920731,-0.4664856171391101,-0.13578940842803755,-0.5841481369952639,-1.2012361718228703,1.1443403544850606,-1.4428456855450695,1.98298548184807,0.4883528993268422,20
0.7900336299874128,3.245944617564069,0.10392169029169507,-0.3316261945277721,-1.0502810427620553,-1.773297582357504,1.162285876325372,1.6067713618513633,1.718272822940837,0.6659540049667907,20
1.5648826609170898,5.964857438534618,0.5418924815629333,-0.2835280070555064,-1.5668993256876023,-1.8958189495283617,0.6104662206640699,0.8941517252709561,1.6129116421995544,0.6310367393160914,20
1.8436645184570772,2.4454069783673043,-0.459518503293475,0.4452531827106956,-1.5714168692167998,-2.8056881531196356,2.446566538990651,0.9245294218341766,0.5431055396163837,0.5211566034627282,20
1.125166712830744,3.6938969139519355,0.23674833481420698,1.061276418436277,-0.10834046826941313,-2.016940779419583,0.7808304675488458,0.15971039908046203,0.9516501282433829,-1.5111094323610528,20
1.0466982461754564,1.6787348396739055,1.77270563654724,0.540932345020023,-1.2450209668344177,-2.5094592693900046,3.035596378073042,0.7999654372323675,-0.5532381333839063,-0.4159822836329159,21
1.4385865661705735,1.6592991667592,-0.5788652836572701,0.1568757877845015,-0.6788780962870788,-2.557106681826168,2.083606007465323,2.8300240647439034,-0.1500095460198927,-0.8483892829948232,21
2.2190285604319495,5.653804203632163,0.22902054445275732,0.9349578803997631,-1.7419702898696663,-0.09530935612068614,1.4194756542749136,-0.2754703955487037,2.12275459652989,0.62990826439867,21
2.6634354798109765,1.659915310018171,-0.3650594167882404,-0.25346994468435247,-1.709521779186671,-1.7027816144584644,2.031698513234927,1.088473210462753,0.5105524990837642,-0.8966020108477408,21
1.5610399071611145,2.589698665225411,0.024453740834966542,0.9561723573438408,-0.7752694335964527,-0.3152125560426966,1.167191940538479,-1.0304080526256085,0.6869971044209504,-1.078767153288203,21
0.9027218853477437,2.0958113222322416,-0.09718057239295153,1.4289949842099299,-0.1087270384089285,-3.12363926941817,1.8086931705600584,0.9089883740512597,0.10764494633568411,-0.21805660866388799,21
2.881395462178319,2.798877105001307,-0.38496144507876195,0.41990686587183523,-1.6316043433871155,-2.8900550782815424,1.4807685412116767,2.1352169894024655,1.3736278882925634,-2.2198503704858736,22
1.4720433386905134,8.46526872528241,0.3174699411297799,0.5017518559349399,-2.0753520441257844,-2.1074471228232774,1.1989199345719719,0.19537630560253305,1.7437978803802148,0.8333910477671607,22
2.1869207299704776,5.3815985347299184,0.5693682273069944,-0.7816033862068581,-0.4096059671814194,-0.18718280978610968,1.1348834542708222,0.29186285332004,2.655078451028479,-2.359223961671302,22
1.0019477292222363,2.996161240229698,2.4848681651342552,1.1246045186061608,-1.9838163103200632,-3.184936418900105,1.1886866920739765,0.5531396800847443,1.6905211572456835,-0.8040832031194247,22
2.5672206247659375,2.3453417991646397,1.1223202627845228,0.9627862714027953,-1.9311041559498667,-2.356932774245801,2.0183381811289403,2.3634609627206737,0.5479410117104186,-0.6810681996610424,22
2.3489349389692022,2.589473310063001,0.46169631905921893,-0.107612772475556,-2.53150524387802,-1.7989987987425864,1.2418852091612198,1.627022108561365,1.4221220915009178,-0.10996981381697246,22
0.19049604461538136,3.3852790988414982,0.9383076275525539,0.7592833832408723,-1.504467268929261,-3.006454937804542,1.402187969370802,2.9421501624886,1.277163306228136,0.6310126330601875,23
0.9116514843860435,1.950863426080969,1.5613459615812522,0.5745841461032772,-1.5359297014969868,-1.9411050811919242,1.6600272801312705,0.7446618112338688,-1.0846706730465336,0.670929962440665,23
1.2173832425932387,3.233059761707067,1.5367359777284362,0.5252083824336151,-2.3530437686162236,-1.7091732211106854,1.8106868449415536,1.6604612466836737,0.7664923641860715,-1.3570676993849269,23
2.0540631782145287,6.6467707948265975,-1.030404584240116,-0.4331406442119299,0.0799809665869744,-1.5005815185025475,0.8071724324553013,0.7629075223589945,2.82657614344848,-2.264891140249457,24
1.0048443462061838,1.6313270294090203,0.7667505997067408,-0.0876634296780252,-2.2083807252471663,-2.9306687953805044,0.3833663734771626,0.28457393785010465,0.4526622369528601,-1.9573419095379396,24
2.1762657593976393,3.4222194736181795,0.7743581217895463,0.3160922724450277,-2.8812974528427255,-2.540177463251744,1.1360485990924207,0.8245542516580446,1.3091643849084398,2.2599018746093966,24
0.6956669721035765,2.1667454815581864,1.4965556344482742,1.019044431787734,0.9194953280066249,-1.348613331531919,0.6633552931364646,0.6231862132639336,0.3826025853140984,0.4267458533488653,24
0.9285325356592548,7.441832984631081,-0.16393398411649418,0.4563994112564047,-0.7930039355621963,-2.4768358179403616,1.0506359027331529,-0.08240007554347661,0.9393817960441861,1.9305151261632068,24
2.6430645866476725,4.370649742959893,-0.5871313259259154,1.142861272098679,-1.1979673455649091,-1.723905104966965,1.6476158066843718,1.6081161581864762,0.2664364367517025,-1.2756234124423504,24
1.8115100304982887,1.7780277970476348,-1.3026339303433534,0.7100610159643299,-1.9597811124853104,-2.9271908972177836,2.03180507016541,3.080295501912122,1.4672139607313888,-0.8468838358446045,24
1.5133302037610457,2.746920022704344,0.44330631054376735,0.9315258066696352,-2.354294771547705,-2.1874721158078954,2.483278004206986,0.043340445826089535,-0.09304363751700429,0.08162544498607849,24
1.762998924398619,1.685833133260763,-0.5706213349607192,-0.08950019727005065,-0.6584836255456854,-2.58391007933772,2.269410500065657,-0.5730295527096745,0.5791105124992395,0.23489670590345924,24
2.316169272961281,3.3935712738263035,1.7198047592479568,0.4612483131369136,-0.8167971158160174,-1.2733264437867047,0.4792558161629312,-1.4542272024377023,0.5757432753387848,-1.3033707628590707,25
2.3012991766289033,1.938635336263296,-1.0525142785055663,0.5624226438151778,-2.3208014163537305,-3.2197060485028106,1.72003245129779,1.9727839451499714,-0.4350043151729075,0.2317111007268764,25
1.6717465403457954,6.898984067330904,0.7034287944261175,-0.1803537900259018,-1.0179150788159503,-1.1838011234479295,1.2754034609295468,-0.274500434233943,0.9653741986328872,-0.00710125830578745,25
0.2366526995733518,2.5713083634935656,0.5039546992962043,0.004639289497913257,-2.278342868479066,-2.5786372703681746,1.994763071014713,2.4822203341291296,0.8176040017547552,-0.861629797658398,26
1.2013653957990589,2.4226096022936785,-0.7885975143905901,-0.2032650233685045,-2.020211053328232,-1.971443841288132,1.566978743873701,2.033716214772018,2.02149758147581,-0.7834175543401019,26
2.136884013595432,2.11710412796285,-0.9864691310493883,0.33794128751483576,-0.657638123289678,-1.187438766694933,2.9167003917638414,0.9343779876125815,0.3683277296558445,-1.1890583715763219,26
0.9851329615782927,0.7614138602946359,-1.2841792394790144,-0.1414230872990876,-2.7918216447790756,-1.6332746312764634,3.1208160619506016,1.9792968617999405,-0.3801693784437066,-0.9168705736508163,27
0.8036299855621845,4.676805332067388,1.764534709314634,1.5222908603033378,-0.5422208764671947,-0.9913415700045896,1.3861848100706897,-0.4330802723729452,-0.5628889014287357,-1.4673407615662397,27
1.4457298576215671,2.7016139717419536,0.2387778828687921,-0.30003380266753776,-0.2707776241092792,-1.7314170598793874,2.983488474887503,-0.9630875683811391,-0.14239967221138583,0.35429650934520174,27
2.6234206185405125,1.8751173975058282,0.14743024104019975,0.22869570353650337,-2.7590473888642357,-2.290057701927064,1.1818632287895152,1.5813661800616243,-0.7939962493206145,1.0318514666953233,27
0.9994264649109623,4.413991845844675,-0.5278826183477507,-0.0032824326753564392,-1.37453024525612,-2.723337288623847,1.4075316711009762,-0.09944338685192111,1.5354855764069204,-0.8089209311626253,27
1.3176067672457492,2.8187793557696255,-0.5832279331845172,0.4261311287854719,-2.786265804938348,-0.47041017889804326,2.759884861534502,0.5938884195211762,0.1798532161567099,0.23905660732207057,27
1.5317055033292855,3.917211223113948,-1.0353493111723662,0.2431722741221627,-2.0755904215457095,-2.4048753476167284,1.3895493639108807,0.2201615310477063,2.2982840006592085,1.8584512430026985,27
0.8361447257941834,3.33804303109943,1.5963306982499867,1.2560410995064455,-1.4397843639422434,-2.757673662859722,1.353302984040674,-1.2701720927358102,-0.6868980528208242,-1.1597138838173142,28
1.9145794312504605,4.707748523671827,0.7770272954370308,0.8363849445449274,-1.390723726375224,-1.4052331858129747,2.8185832265000395,0.5694822946595979,-0.044377124416352665,-0.8322925486417552,28
1.3418517224436302,1.7404804116328902,2.0277662192412107,0.9576085589232997,0.36552418536795983,-1.9932730898480624,0.7902713212237664,-0.3411377584092039,0.5031148766571247,-0.3890659093671842,28
1.4809926461362615,7.5200726953489765,-0.19152768844939416,0.6731704639304259,0.49354631597542475,-1.1078277783885224,0.279426019995924,-1.9066069390989695,2.397055008826549,-0.9825332274050189,29
0.9195027566547608,1.565986112791965,1.197707679245946,0.4848113965953904,-2.6401145829165116,-2.614535956565616,0.13317135261429236,-0.584577033488298,1.8688300135729516,-2.105943792700734,29
0.8164856267501488,1.4315747196716218,1.350878937891122,0.10050281928065674,-2.7474973255221813,-1.15577599745396,0.14519518937677045,0.8986108928117633,0.518816427014015,-1.7169949427250772,29
2.1715857490008554,2.3102460642051317,-1.600622769142788,1.037606628620626,-0.4107443015433754,-3.2802554158348176,2.048412970764848,3.335683583224582,1.2265238667510086,-1.0793603628730861,29
0.5159902788838613,1.723828380001058,0.5737914185203992,0.14444176394355912,-0.31293413736869935,-1.4433201760698677,0.8123076431706844,1.5319668616452455,0.1985619345845686,-0.5370552484808973,29
0.7513572128947598,2.1512483338131325,-0.5490385697052784,1.0393698657813446,-0.5214505457208727,-0.4804719524072256,1.9240497798171479,0.9401469358135732,0.3435445545774809,-1.4971729754754926,29
2.7653563817762166,2.855923786902075,1.4905720689502315,1.0328273280787719,-1.8764294763600227,-1.7281632134167917,0.6511944742007412,-0.4232808509830688,-0.15667275582371598,0.06620018516930859,29
2.1851556654838915,3.9382911351014083,-1.09550671928456,0.41511937852149305,-1.9485636073409167,-1.77349619054782,1.6889442200674774,0.47710134534228743,1.406266064647406,-1.129495988045215,29
1.4986305584819917,4.331504682049609,0.049128562748511406,0.2614515968533957,-0.2497242205419119,-2.108083429867734,1.2098036115036521,0.3752265654314435,1.9057922559576728,-1.5206513287752865,29
2.9998652941653328,8.328255309389219,-0.2774382694756268,0.40743778769518224,-0.10214766136270503,-2.5060334655604124,0.6186866084142677,-0.6946252547291158,1.622006784015488,1.2065436767947646,30
1.092202693134179,2.6183178492862864,0.3639120539079923,1.0406667731430943,0.30700444183577913,-0.056387903683227325,2.653171551399743,0.3479689649228872,-0.6657392104895858,-0.35969638590000264,30
0.10038534140979007,1.9921725020278358,-0.038628132002468174,1.0494634111414256,-1.4914251616857854,-1.2970382033615393,2.3423213823014724,-0.31388731256894786,0.6305816422834858,-1.139409361618652,30
2.7681391266084985,1.5714157526100303,0.7910728615980416,0.5138427934875067,-1.265774289352388,-2.180924510676645,1.523948170474597,1.1752310037925584,0.10937300218647161,-1.3337725891792451,30
1.8429824112231468,6.574566071301798,-0.46947323223698056,-0.7876579308771623,-0.4948379144606836,0.3988655111213104,1.2369921045348917,-0.43265634721478996,2.7564890455583493,-0.6296650635784817,31
2.3856702075989817,1.6564641448086972,-0.3115785297702627,0.7751488691585329,-2.366189253854955,-1.5899763027710563,1.2361176363974558,-0.2749352452192042,0.3250331159957178,-0.48585985462085723,31
0.7824049365109202,3.187524234989344,1.6403515267505488,0.7353758760426659,-0.35088541334293577,-2.676274117282852,1.8510476361658634,2.5921631766791364,0.6947792397441717,0.09207997036149296,31
0.6370064120094688,3.34504821537447,0.8322024601994586,0.9050592918480391,0.18396691593775083,-2.3453105117320323,0.7174561188440158,-1.0192245780532703,0.5985945245387709,-0.7058211131627632,31
1.0988324063140467,7.717027997296916,0.2834208179309199,0.5634520769596225,-2.3188885337795604,-3.2565623032424997,0.9939042609264357,-0.761386555672039,0.07093853445865816,2.065085882028395,32
1.0699946389737414,2.2711995035046106,1.094875556647989,0.04179090966687937,-1.1865589774568106,-0.8601105468655055,3.299312039204138,0.6183048686331838,-0.45524184745043206,-1.411493970380013,32
0.9767204273640175,3.0784559084406378,-0.10253256255314325,1.0933481698958856,-0.7129652275362894,-3.159794629857432,0.6981911422828588,0.9425638479689837,0.5071411517856204,-0.6088167954590111,32
0.964451425968115,3.027040428641965,-0.19054468937979374,0.7447733432428985,-0.6344025531375794,-2.574454342370142,1.5644785859964037,1.9587168942174662,1.681852347754866,0.16723834202940324,32
2.678963926983374,1.8565221904822806,0.6493998999014314,-0.026369691748137747,0.2654039426869361,-1.4836891882825234,1.7551852665813277,0.8721891738649754,0.15127856660842465,-0.4475769285395428,33
1.4986586920679283,1.7331993808216608,0.17922478820986987,1.2075927414960237,-1.2134257225771239,-2.8663205527173505,1.277157208748262,0.2794349280926962,0.39117664248942585,-0.8823813692455622,33
1.254662155861336,1.948558228100684,2.4301614313063737,0.5584883282111317,-1.9386215241299696,-3.3061653969647224,0.8856351201635384,0.6852655274274575,0.2189938925889221,1.636577819378549,34
2.040539387925304,4.436777783986503,-0.516559903187217,1.260505366486254,-1.958897292008029,-2.823476821493223,1.5884844462939025,2.844273829696694,0.3395546197925481,0.03428048199031464,34
1.556467971612702,2.302789575393647,1.2767777475943256,0.04884899029439049,-1.3886713210871977,-2.560312027443759,1.90441997074615,2.812931608087637,0.8070856014272834,-2.1475522466330896,34
0.28912008740370115,3.502427966851801,0.5695194742931977,1.0737055407015985,-2.089303082624881,-1.8383036514211974,1.294635371125052,0.9884267150127735,1.3056845835058621,-1.7349973969367327,34
0.8584231873561128,4.6929350586190175,-0.3272421949113826,-0.6841246595828574,-1.0784356798624273,-1.5870120409207136,1.662758300840089,2.483311441852087,2.687953618219691,-0.8675864905632582,35
1.1612550439462979,2.0411649376817547,-0.1154773819450492,0.3329812869247242,-2.5253779317567684,-2.384878021969049,1.7155665578609023,1.081013762391163,-0.8483483157753149,-1.1595212713815466,35
1.9581630682298428,1.6842033137818648,-1.1271922095582336,0.4030510605619084,-1.4933647698116366,-2.704015457261457,1.5770799817399945,1.474851132047415,0.6538042975884517,-1.3493781621881191,35
0.37409794074370617,2.6672864710851587,0.33286581467904464,0.3419973028012895,-0.7834437681752133,-2.2096799339682747,0.8446176930170264,0.1614568121567741,2.8111639139373823,1.824067787774637,36
0.7549278757481244,2.8723171737072972,-0.13168542708566244,0.9664091724951,-0.916355371736425,-1.8131186764749674,2.289237841259042,0.23188338651850193,-1.4910080790950175,0.46115964869564907,36
1.5211099633453056,3.4452894774191116,2.0416739650274005,1.4505169531114266,-1.452300996359798,-1.9837939434676184,1.7021193366112923,0.39807603554203963,-0.4092753209233999,0.3692226997679189,36
1.2465856806336546,2.4227088553865697,1.1343213897372868,0.4691509847010251,-2.3858721364076203,-2.0840819198922764,0.8752668570265811,2.727103751986804,-0.3279164335049787,-0.6447714558363795,36
1.7637540365820272,1.7370993548442737,0.8624747739651304,0.5215195628077551,-2.123467196467735,-1.5546178787567284,2.6470797337243104,-0.4227722427751077,-0.1225397314018628,-1.7245047793220585,36
1.540393106475336,2.9556277781422944,0.8638264171231196,1.3068476653272203,-1.1713844607698707,-2.855640155068009,2.589357026682265,0.3329047570432646,1.2138692202010657,-1.4375848949391816,36
0.362778057678121,2.5526070611088465,-0.15032185081578087,0.7527962955562129,-0.8397780070298686,-1.7892825410421371,1.909725321661031,1.5975977561981023,2.054351055061786,-0.447783172388152,36
2.309772603168795,1.7791757604025762,0.8854902017284898,-0.3588910492950852,-1.0101618891846629,-2.2093418812749976,1.5288409198536366,1.5721625707027083,0.7886468153871058,-0.9469276806815323,36
1.4873513265500862,1.7869450549313706,0.6219536972033466,0.7906628944104304,-2.413432838203972,-2.539257979607456,0.9508301553335263,2.3009008847388994,1.3003201511920683,1.6168248018299698,37
2.3160729371362914,2.7626060908360444,1.7853584219608498,0.1257610820656283,-2.1947013131213384,-1.373034792523798,3.2797403671480314,0.900880732227495,-0.2751496333826209,-0.07195541397828453,37
0.677393375772364,2.577862488251416,-0.4771335401212329,0.7393904509423157,-2.530987256437153,-1.6303348086851528,0.5178869134446522,-0.5241188958821932,1.9814013716424927,0.27097308234399176,37
0.8478494687160393,1.473524038365474,1.718418637114552,0.5029137877694669,-0.7320207233256721,-0.7980563544853774,3.410029517590167,-0.3131942593061512,-0.8860519660244581,-1.2125617166659541,37
0.74918160625774,1.9544970614308177,0.9758140646238069,0.6315527745390064,-0.30995346037936766,-0.34110401107096644,1.5464475206006645,1.5006751533373102,1.905619912828981,0.8561411498790141,37
1.16574219936437,4.7349831199417265,-0.12289192830705487,0.1043803504301195,-1.8073184088381935,-0.20893119220953382,0.746207785494879,-1.2480588827075454,1.557846270475729,-0.2046230141101697,37
0.7047860132598835,2.9000228197191595,-1.3818242648565526,0.12323029244025419,-2.366236560532656,-1.805161551090382,2.4931869570875325,-0.11659594360200387,1.3250045602738858,-0.8765310602602063,37
1.4011765562191754,1.69362397666572,1.1205578220669805,0.09539369167254508,-2.25175828660086,-1.3228951028321623,2.2225948242854656,-0.6393622621106745,0.42306758651265186,0.12590000966726045,37
1.5337621443600602,3.6337476866636726,-0.4728676008886836,0.7135191111867147,-2.7941568338244958,-1.4631729035827143,2.1170111683215938,1.9437077489111765,0.6472060936401882,-0.007416609738790214,37
0.34529216143820096,2.216924831613024,0.5624032658176219,0.6265834114062772,-0.5859187350012767,-2.061254088255603,-0.9563577193504824,-0.7897907936178037,1.5918872750102686,-2.0912572788171713,38
2.044688601640411,1.800987518876203,-1.5182468701348328,1.4407644065534386,-0.44296853726024876,-1.6902476821736856,1.1316830236674527,0.9624453073880064,1.0191983642724733,-0.9724126086743177,38
2.393146201184576,1.8015539975464456,-0.11312376777136501,0.32018791293095195,-1.012173396473329,-3.174414844818638,-0.30736281425752,1.6094726317322512,0.7995775506291518,-0.44502595989372873,38
1.0988109925617753,4.547737656175626,0.8249810915343461,0.7598284963739372,1.3026234215622878,-1.9532459637510289,2.101514862766435,-1.8228322239000907,1.2208789281024122,0.3293240206943562,38
2.9015077428925604,2.4440437949799163,0.6650996949915697,0.6006491084631138,-0.886231939958082,-2.5148687619945127,2.4831847413927157,1.019530437162436,-0.34286338560416585,-0.9734054327218737,38
0.2881988501012079,3.5986943432951763,0.3913830759272514,1.4759363359131443,0.04757384660440689,-0.2759181351628026,1.8145834322916716,0.12751138739943224,1.5927244550342974,-0.7854340934337543,39
0.2331017918680705,2.895191459429155,2.1184252884158887,1.3588265841717266,-1.2420983176507285,-1.829841068551417,0.4026081438550104,0.6050543906429473,1.4357078524865998,-0.5277375441725496,39
2.493615598738158,2.1190590148337267,0.15322170315707906,0.911708619361348,-1.4798930390579756,-2.5491970889198345,0.8581962413601358,2.431154695806108,0.989789482412402,-0.38812157593379837,39
2.1039449581306093,2.6871384118496704,-0.14954372230328383,0.4370588477887827,-0.48481890356625623,-2.600762879038486,0.7345843097976505,-0.14356469937349647,0.7477710196368528,-0.05679941544408651,39
0.3750127197504569,3.3323759635820425,-0.8431659108091671,1.7062834394524566,-0.8414224492815037,-2.180727480672977,0.7833227608212798,-1.3308834572780266,1.2919201863842438,-0.9318988427669215,40
0.7861724646672993,4.868133476673827,2.00489351100652,1.5954204194780415,0.26971967493354976,-2.63958725258584,1.5307977762850324,0.597326817262477,0.4332404054397041,-0.843428909444641,40
0.8082697239323683,5.439078343053885,-0.8230654092585186,-0.30929093277394193,-0.027815280922689922,-2.073551258153784,1.6016429579746836,1.2009358660287015,2.913243688440475,-2.3413111939850753,40
1.5145824149041995,1.2265616290093873,1.2363713086548418,-0.29128962655387536,-1.990600972782668,-1.8606878125779511,0.1398150826159794,-1.334522197722554,0.30862473719617833,-0.3124271970451815,40
0.21040472416560352,2.703666481868786,-0.25313391247746075,0.9475927478677475,-0.32776538524253995,-3.3219559058732973,1.2600269083238294,3.184327443318254,1.349047924317225,-1.1665408149468866,40
2.3996362597913388,1.609224142931302,-1.0442997995061982,0.9124706495462878,1.1407508771692,-2.573149468141706,0.8913713161564729,-0.3530980432757327,-0.3116564110761728,0.20839547809152137,40
1.0467455311825973,2.375034180135849,0.5630428552220881,1.6777497240510755,0.022424845847355268,-2.7369304312693505,2.377827829880464,1.213677603185356,0.980839334526479,-0.2482766572726085,40
0.6087695464815739,3.0407393405885905,0.2760591839985169,0.5450963167731318,-2.553702437206008,-2.5502304850647226,1.2866360030089234,0.2085659558369879,0.540194810890442,1.4587117828355378,41
0.4568052452668834,1.829823809591924,2.2705341330682547,0.5387788808899749,-2.0939895878255754,-2.911593797521392,0.8371548674998301,1.3659291099863018,0.6502315748938798,0.07856723118186348,41
0.9492961929024057,3.05572236660654,0.7990829889993121,0.07154173367258965,-1.9417419411337251,-0.24403518813784464,2.321499072913684,0.15054995042516417,0.8250341882105006,0.03444156659817388,41
0.8362058233207387,5.529320355309387,-0.21944439582992858,0.5500855272153595,-0.8954413042871767,-2.689220513190997,1.394065714136894,2.228745224574059,2.10100651967689,-2.079007471561974,42
0.5236416305948782,2.3870758082700316,1.4784193005403896,0.6775888648032313,0.905887000909201,-3.040392168145413,3.468779493286961,-0.3759958449973111,-0.08397508051922076,0.07890215090266528,42
1.2605838476915106,4.007281897220908,0.5694801158994074,-0.1260344576116128,0.5164026052580142,-1.7825482524603233,1.2111922311144827,1.9508092974231275,2.92034237295658,-0.3667964926637981,42
0.2752935760173691,1.8880058033218388,1.2919240110177617,1.1023134780848904,0.1273497287458163,-2.2773373624720312,1.4831172427526926,-0.9021397176244021,1.7449648404204483,-0.8128122965786251,42
1.1947147799776743,2.694047430245186,-0.42806009939905776,0.6336253016902522,-1.7951876536261655,-0.44027599359626546,2.7155770808855655,-0.709081547475956,-1.0207797492244701,-1.0122999311804934,42
1.9209626774115334,3.1554927070436602,0.7540646291371438,0.8435070723718323,-0.6778726504440251,-0.8180753424660927,3.4402936426502615,-0.9558640494265065,-0.6610883370600844,0.14559075333698068,42
1.076300950784079,1.8075785469723704,0.7563287116974515,0.8001154658357779,0.5713128867245332,-0.8190196995423014,0.9910849240208686,-0.1524705818517278,1.420950103218403,-0.2597488809856623,42
0.49492493430580575,3.2433697401761936,0.5931916362403777,0.8635432047834262,-1.2043387182739984,-2.197027162517532,2.754813940782987,0.949056206041309,-0.01682898182190984,0.2517200906494361,42
0.7200047844851873,3.0647311673505726,0.4029811530087213,0.7703424395347156,-0.31379736500152555,-2.340644795087694,2.0809229464352565,-0.13547777468435696,-0.12420880237513998,-1.1773030630037373,42
1.6472154346003811,7.768719573168655,0.445574205598541,-0.06567804026666701,-1.5780474459815206,0.16113334617733344,-0.09907310962437554,-0.9568867574028264,1.3489891736256188,2.2489234936446287,43
2.997323773421445,6.935156554525243,-1.262996051216838,-0.20973597836881241,1.7971495879091073,-2.844078264192845,0.831005476271816,0.6448311486395601,2.8255851311882196,-1.7943309004602854,43
0.8087043383596566,1.396038329000263,-0.36243347783895175,1.0977285198475966,-1.0731844211936135,-1.920386465137,0.031833214735995874,-0.5575993680254503,2.664193068805403,-0.47577198809115595,43
2.911051732983375,4.5870501905358765,-0.3333283079382361,-0.176627785327935,-0.4069971140758746,-0.468909284745457,1.898931280863117,2.1000037289206483,2.7474791678922195,-0.26539451463373087,43
2.1562777211241038,2.1185505363160435,1.359842346300729,0.05651184777690732,1.6905433741855447,-0.8354216686929763,3.0801715204932307,-0.4651974203024538,1.0191632402408972,-0.17736578993375174,43
1.3869574325440963,2.544155301165172,0.05426880585664273,1.0782937684095666,-1.0454429937407825,-2.288967856496141,1.8576148518401174,0.7878441574680042,-0.9723032070192319,0.052063532310862914,43
0.20344955347234372,2.991419397473042,0.6525469327629589,0.8178061523640654,-1.2429702381848056,-2.310507568693075,1.5754635109463262,1.4239370714036523,1.379557440464739,-1.0554071353443302,43
0.33247775804953916,4.71781672476564,-1.744412123947392,0.43881038617231605,-1.6181820284032493,-3.334048362752577,1.7387273830681913,2.8788178975080374,1.6827260753766087,-0.21983053958090526,44
0.37495432883553603,2.5065047721367337,1.6121212001080814,0.8151835518343944,-1.5774953621525456,-1.198932691583034,1.2154386405953854,-0.8004452097441495,0.12939400681222057,1.6856469033481902,44
0.478271656228605,1.5344332788151636,2.071731352937702,0.27563072620656515,-1.409539369721281,-2.9538780898363273,1.264044381579959,0.9841507615876033,0.8590780849329889,-1.6459662352160915,44
1.2406928793159777,3.5965389101166947,2.3464155050927147,0.5480757892099168,0.7787882625369908,-1.0400146211687522,3.20463583509477,-0.4447844002322867,-1.6610600011826522,0.30769088381428666,45
2.2777531449615482,2.0560325123425525,-0.11265559804802194,0.25746331412604295,-1.1334591006167916,-1.029819773929591,1.8007691687750107,2.8863146250718685,0.06637696285554462,-0.04263648436795586,45
1.3458903396697752,4.3184408962387515,1.2149222618721955,0.9347306171569549,-0.40371281318659546,-2.4476829707006393,1.7734279535155997,2.2776706031132923,1.2780598470932403,-0.0632501293954868,45
1.3721890874551868,2.226291495513744,0.8645693430569188,0.8940107114080984,-0.29656906818872875,-2.781900497986632,1.4443726610841816,-0.7057338512574955,-0.44531848224549875,0.22561127299653272,45
1.8370474982613423,6.943860163213521,0.2516837409588826,0.971165404444974,-2.5939273957022357,-3.1233976828831147,0.5223878070609231,1.210915521110226,1.174528474135649,0.9516468411416734,46
0.8575448341617777,2.372370671299646,1.8644059292197115,-0.15521219810478515,-1.0829227251914169,-1.073763817305244,1.042575354889875,2.048030708180092,0.3627459786689258,0.7868708357370044,46
2.799520599101002,6.226356682662657,-1.0345858814806406,0.9500988975522637,-1.9455847436388594,-1.0761115777923598,-0.10497973612056244,-0.42285077994471476,1.1965876847852113,-0.013748558713240211,46
1.231550557377481,1.7315577551232129,-0.33974566760598357,-0.07579934412568123,-2.2943661665797634,-3.3225274605570827,2.6577686187220557,2.617318913144689,0.413579936558206,0.26834781551912235,46
1.1570607003163014,2.6474042226361223,-1.470651170562628,0.356328711587663,-1.4039082003562662,-2.3309940493670673,2.6844930676351835,1.746272062461225,0.12403243503647099,0.5446674919356385,46
0.7803587033652585,2.8806735791081906,-0.33088543329324693,0.8758454368203981,-1.2487008187794015,-2.0614118721593107,2.178177767186879,2.5521908358372,1.1457333233536429,0.10598852969910277,46
1.7408378969514533,3.2799888706396407,-0.4326700247602604,1.2487078870046355,-1.3851990764701363,-1.7224655753199243,-0.5583186947831504,-1.394104281668501,1.5522266136644323,1.457930104628995,47
1.574696776570867,5.110774649610454,-1.7729045538795605,-0.15741871009813213,1.4518198224297407,-1.6269864024176106,0.6688384568142851,2.130560842990139,1.976019511904119,-1.9427263191684752,47
2.8555925126183532,2.9961288926604452,1.1590975708271718,-0.07619794873823338,0.3504396850904983,-2.2550979076657174,3.8331366945083998,0.29027198125441034,0.1897584343301233,-1.0495130733076332,47
1.9724195235722877,4.5424260405531305,1.1236434798787802,0.9815874654286887,-0.29852165288790244,-3.2521487147444335,2.7444627495288234,-0.187395882544239,0.2903655930203355,0.6793004499282711,47
0.9591005213941928,1.6143536621816197,0.0816195537644564,0.9992355051655264,0.8983088290080161,-0.4320325371574576,1.1505790367721849,0.8754231057118682,-0.46055356021443483,-1.5895479585532306,47
0.20955429891051697,2.8496817111917148,0.3246617559602538,0.3806414059350094,-0.37173678335814175,-3.0267380647146784,1.1086421789982186,0.8397137592523167,-0.33647907331935967,0.24952917792541962,47
1.4125841284994238,3.6210035207485873,1.3983000395986762,0.3308144662178365,0.39455646270737166,-1.9129804369027086,2.981459300265553,-0.3857112877208675,-0.6363547150352522,-0.5354193587102283,47
2.007696307591807,6.996570395833816,1.4683374472622948,0.5623481524766505,-0.8407306711832332,-2.4289756955355424,0.60479481435849,0.9617675978048945,1.220893953977574,2.7642142856495786,48
1.105812905630418,2.0768358476830455,2.2881469800307253,0.7268673888137127,-0.17736964809447908,-0.8430070273594392,3.1328705710110434,-1.1759140859587478,-0.4192112209584691,-2.1443882184306093,48
0.1349479450793338,3.005439070799911,-0.5507086915221975,0.8790130466948582,-0.8808544988916478,-0.636046979741927,1.8868622859856963,-0.46407507180500107,-0.9714958701629584,0.28017885050186475,48
0.7493644068052892,3.1233677000516775,-0.27187877605655375,1.119311320387407,-1.4989854281008572,-1.316869312237095,1.667571603903248,-0.66300449729478,1.6907906004053332,-1.20527462364175,48
1.2038620965792886,1.7411729119219566,1.098186325947062,0.5273337266261908,-2.1234358472003403,-1.761558233144745,2.333219234767358,0.9351642245025089,-1.0956491904908618,1.0174261936467723,48
0.7086822661973469,6.8868167637915505,-0.29302510117802827,0.7224845992172955,0.31820378092684987,-2.8324421104748847,0.08911798356676393,-1.0592691656336264,1.7169260207628865,1.6885248134891802,49
1.304549536629242,1.836984997878809,-1.2967804538265597,0.5179783994972009,-2.3819171893345126,-3.3053430392759773,1.1420674884350763,3.3002733129992032,-0.07346443243760126,-2.0682814567939474,49
2.2801478615628596,1.6740067503105858,-1.8325381449350586,0.7696103401937764,-0.14837013332209725,-1.5088467987699246,2.6403826744178414,1.815437628426297,-0.4946195285668493,-0.17812265126225046,49
1.7817935902400122,2.867777013293999,1.440825932717945,0.7130160585819243,-1.4520472170166716,-1.5177422840972488,2.574613307168015,-0.15628749912532047,-0.8705722721826232,-0.5500675566503133,49
1.8412946888391255,6.631905759220051,1.3802889453751916,-0.07614081381610793,-0.2864696377021638,-2.1731861658137515,1.9997124071281833,3.3666103705540165,2.1768559865178077,-1.7955699510944423,50
1.2912875099423953,5.81254237459297,0.6867167004294901,1.1242180760163194,-0.8885961813204268,-2.20896675489774,1.6789135027381823,0.9150432445998744,0.7019586199548744,-2.4052000988318576,50
0.5388530891820748,4.995002003893171,-0.7578811260632403,1.322797983342812,-0.4608609425260841,-2.328579567091351,1.4976128249033565,-1.3985348180383177,0.30505942420196774,-0.822358852386263,50
0.2601074241704488,1.6791774891833504,-0.17500981622968226,0.5707573182994903,-0.45823855504362676,-1.9352242272462108,2.5380058646740187,2.43568515904858,-0.7099842443869957,-0.09196009527996107,50
1.3787839773177466,2.006369728756116,2.416195426765979,-0.18956558904569398,-1.9249474316800845,-2.197903383489505,1.5805890902584023,1.3814029139229769,-0.21118887174308565,-1.773464110333446,50
1.94116089559874,2.8136598495347185,0.7137421895715121,0.42813098619297474,-1.7023424272879195,-2.2218607871509146,-0.6510867401975853,0.19025042654295676,0.8708907044855172,0.20916405285941364,50
2.7427215964805534,5.074160116853632,-0.24904097710999062,1.059795441121655,-0.9729591382139602,-1.6342672122004454,0.2888200647560639,2.5666638147413083,1.4924724147445043,0.31563548495128657,51
0.7255289453306623,5.304882992125155,-0.9143510085635949,0.008333730053435406,0.23478248832537174,-0.23571702847355214,0.3651660106820378,3.101594950814924,2.2587345704802875,-1.9739330532158545,51
1.4992968769584856,3.7802544655023254,1.4716596059471492,1.3130274929617434,-2.8569716106756586,-2.443274740873935,0.2413655791387841,-1.2065683407834038,-0.3355625451211206,-1.5121678167046415,51
0.7257260001179239,3.9413138131753667,1.3459043690274957,1.01734090229191,-2.65395320122556,-2.3211663175039656,0.8712503437438652,-1.910934943792538,-0.5211811450336095,-0.9068375104656219,51
0.5769002302551856,1.9986047766176218,0.13336776676984918,1.6510760073216852,0.1042644115318554,-1.7739535808614333,1.7379359523244107,0.18087599231540707,0.4501548043957304,-0.8847292344831095,51
1.007791123301326,3.094424060123767,-1.056694578104923,1.0481394006538256,0.20490762020662778,-1.633989718448457,0.7948848282396641,0.8832061403791527,1.5180596271012092,-2.139211368633335,51
1.7709108687211588,6.6835449755418415,-0.3778007325756252,0.4056589882529207,-1.3805595743909473,-1.591755914721543,0.8853636973904573,-0.8577348110041167,1.2718106171260963,2.7293763730121468,51
1.0684227631000913,2.9162833687278553,0.31180430560627537,0.8420397731158644,-2.0283631562368436,-1.8327987594069384,1.0407577081419728,1.4956383694493516,0.7204024784643832,1.559227770697441,51
1.8168088341353947,4.397150535635577,1.0207875989427504,1.078032063667409,0.23759640486416966,-3.2759448854109734,3.2257916350056943,-0.16061619054248277,-0.20853981940429334,0.15586679796486536,51
1.4196436492133027,6.748874673540304,-0.8700801686695399,0.141594733311047,0.22481073762836568,-1.888937350167396,-1.1109012553132391,-0.526149180584685,2.3619675767201054,-0.9785772351089674,52
1.3958859984415064,1.9924470592967012,-0.7350292170665638,1.3856968491041615,-1.3390363864984394,-0.8136259856921506,1.7948763246037487,0.14998001567622765,0.0084499052900191,-0.28141233459018844,52
1.5906804167600717,7.561760415167951,0.2968255479228361,0.13610501421597254,-0.7904183444002992,-2.6465979469929533,2.867852202562853,2.838337840900044,1.4900684522340382,2.555145724246122,53
2.0291501056429917,2.4786710948523223,1.8859315364478704,0.3083455653373699,-2.24417879339352,-1.1895537064081756,3.5482531780640922,2.806811503358026,0.3364367564952633,0.5062838834921912,53
0.29684199535748745,5.837108085250172,-0.45956672010655186,0.9862104354671422,-0.9629162785648047,-2.0627415779265577,1.9876428274112747,0.8331993929855082,0.7306899526810304,0.3647272574785063,53
1.1475243849494892,1.6640265905899227,-0.35473439167551524,0.91753930246702,-2.299905164820938,-2.5972861417596143,-0.14832851090432797,2.328746350507875,0.34561650230309304,-1.7413172866219695,53
0.6090908176169577,1.9566083385943234,-2.6126430853173948,0.9431285723387539,-0.23612330335220122,-2.1200687806973546,1.538953633263338,1.2679539275632123,0.7099088450499975,-0.7694946340793376,53
0.7578366973720947,4.601751874275447,1.4995697614320393,1.633798090446346,-0.954692056098424,-1.669059020798063,1.8244368093267962,0.18033784231072403,1.400482541698448,-0.5969262136115394,53
0.5721086639190273,1.9611579535785113,1.3004168457932543,0.253875512723591,-0.972214292416149,-2.694729177342429,2.342436507642703,-0.46917657797704826,-0.5028041400754566,0.3356709620866787,53
1.5583854285909748,4.9855183977363255,-1.1228803365290982,-0.4507232118934952,-1.6158779002393029,-1.0704575190602768,2.0588889662735594,0.6842780110270299,2.3626922817784477,-2.1046288294911166,53
2.5325585152110373,2.698180657580243,-0.391372807991635,0.7552773800233594,-2.1658360260892326,-2.1242804812549245,2.264587407361569,1.1125769366746465,0.31171944779551364,-0.18091744101709484,53
0.952616808869982,2.0601389599419084,-0.25002534681192046,0.9759630381151898,0.5209040179055364,-1.6669985729217893,3.4479383069854093,0.960567677286734,-0.7329853925636249,1.2171392869526083,54
1.3723175933609586,3.896648109964981,2.8032533019861274,1.3964933269975859,-0.15991868427426903,-2.375346836318168,1.4522945293468759,-1.6638527745326572,0.04253012575933157,-1.0798048089970373,54
0.9219499849009838,1.3704302176177638,-0.7801067118115341,0.6453087560597806,0.3132212438188571,-2.2353904452461206,0.9944724868162647,-0.38807992765541877,1.1543981834500503,-1.390782345013938,54
1.162360636792749,2.9994406673931406,2.0269232430132904,0.1502361141453039,-1.1936323922213299,-2.8212849360855206,1.4592897147609616,1.9162202304147469,0.308362797227979,-2.262820816207289,54
2.1861840392939595,3.8864893956782796,0.34990308231831646,0.7981704377711529,-2.57867224661075,-2.7801206451775733,1.0177656992212336,0.46200586520931797,0.5171972250303796,-0.6646656129221433,54
1.9301928323239699,2.984860719415449,1.716515042728889,0.6463402775588807,-0.9821499849693394,-2.3856478278768174,0.557744900912879,1.6317453635373704,0.4177215891448185,-0.5735216652354989,54
0.9996761417607462,2.5425974917894645,0.04388338713186046,-0.14528812074413233,1.3167048045219927,-2.9921040440639537,3.020589505583235,2.9465787312751335,-0.030574504716259998,-0.10530845150417623,55
1.9174999689549796,3.867690486302707,0.4737061292586575,0.9876764867110612,-0.23962006676427183,-1.72001609621263,2.4620623854276076,3.1393472776231617,1.51159713860222,-1.8469463000331912,55
0.8243973766691727,2.5922628514491355,0.9888007212832304,0.418113993980195,0.4500941854707481,-0.7229663500149965,2.947548458071057,1.7103309081098188,-0.7572535323209542,-0.04613981631285302,55
0.8986691215181455,1.9141849078018425,2.117020442052377,0.5152029174025063,-0.7236992128112392,-0.7749035539557005,2.6620059206836713,1.7517483316575104,0.5052500015098329,-0.8448911079031329,55
0.9662793516864249,2.210061639136058,-1.6815516384877196,0.6422018496935462,-0.737343015117998,-1.352397369848315,1.6277133547123253,1.777387624959644,-0.3142853879882983,0.9822950075052694,55
1.1718809337282396,2.079160082630245,1.5037777969389676,0.7871734994540076,-2.0120804682586835,-1.403645600626607,1.0600195648353763,2.4777720570114203,0.545855938097425,0.3706921189306769,55
2.6517115563296403,1.9772713064589051,0.44533902141716286,0.7475220182753266,1.3392383903374485,-1.725241271038743,3.1793001790639295,-1.8078745193505579,0.8786160251221773,0.11682588476030675,56
2.2593522989194015,3.4534961588037247,-0.9342381715447661,1.798858849927881,-1.625187128627773,-1.7977434632894302,-0.17120171221662783,0.7170916030533379,0.8281631003585188,-1.17328574350854,56
0.45517277329819184,2.104776265721417,0.13691465092887034,1.2512185428307667,-1.279428859617215,-1.1562972072400237,1.2527569318078848,1.2494987939029443,-0.27902421734765825,-0.38805830847217626,56
1.5928450401504073,2.4425152329499307,0.4863509867738154,0.47582466068272744,-1.112064778527101,-1.6501917335891456,2.233892862315245,-0.0885120385629854,-0.48890933502767653,0.2208239479749028,56
1.6732349447016412,2.131247534367393,0.8433767301835435,1.265321405740405,-0.5741591968876691,-0.16857053004280198,3.1223023507885763,-1.7196695435607547,-1.3072258526678098,-1.3257707937712522,57
1.5027900370221932,2.291841995993522,2.7553466379362943,-0.2152250170549026,-1.6751549441284996,-2.397368280706827,4.047861712807194,0.41217192697058325,0.6269137866032213,-0.3615538981809623,57
2.4854254150559343,4.205779186408284,0.21072830158158284,0.4281055069563786,-0.2518196284230334,-2.0965993379767625,3.6278225615699586,-1.4308291230632615,0.8005461463081782,-0.47486450720225815,57
0.8165680528009958,1.6529096933646492,-1.9650283878812278,0.9600938412083759,-2.582499944452567,-3.12112543202107,2.435178309402457,2.450264844499917,0.1405554786158123,-1.3409361420293704,57
0.9409499920805892,4.932751386838298,-1.039457628191426,0.7543545127691393,-1.1156434560226323,-2.1461610791552537,1.3122194501437425,1.101539978053736,2.0466033598536493,-0.1327204350269895,57
0.8633420819304438,2.1686189460411036,-1.2943387150153445,0.9146220346554315,-0.881875816624035,-2.0283908795897796,1.8418872372881623,1.6255513218642554,-0.7134709263709145,-1.8024589553680475,57
1.0470208255517255,2.529392844328388,-1.7175255513116479,0.5373404024896726,-1.1601614815967318,-1.8750994706662514,1.8055925440073954,3.0522099084908536,1.137660004611377,-1.216001322294572,57
0.291868228708299,2.5786072145434957,0.8426320209395546,1.1026565276978202,-0.5700803707387969,-2.0107723600271616,0.49447469877423966,1.621025233693468,0.800109057991397,-2.0003783341530306,57
0.43731302097930214,1.6788782234273667,-0.5178860215800136,0.8415551118063829,-1.6910976707059129,-2.8507842360069082,0.6930119628183755,2.5843655422503877,-0.7201899830358118,1.164656581598762,58
1.2633240335672564,1.326226942857783,-1.9141255845792085,1.1139600468229354,-0.46590221041197744,-2.1591140809591947,0.08553462064305961,1.14946718842929,0.1115393598739769,-0.793349559613922,58
0.9911798110863812,3.8634869567667147,0.04536997072581839,0.5079591460176966,-0.4582151725509389,-1.9631225425058023,0.806298079813617,-1.518336882058099,-0.288433344032756,0.22078382814427533,58
2.2008403642888443,4.202702896066897,-0.7387402632978974,1.2467596115327062,-0.8580348186106033,-2.2888582294079365,1.5154528266277865,-0.48878884516737897,0.03173560283128163,0.6720386689093276,58
0.6432242950252359,2.03607089136021,2.481640844050011,0.5795792958237613,-1.1205578751887564,-3.1112157537358303,2.2501539039375684,0.21234692238268682,0.3224320190195158,-0.8130368158397374,58
1.5648941024509566,4.418184956868137,-0.824487954867277,0.11918389821578401,-1.2937736787489584,-2.7635754022904506,1.953433040004068,2.903787190194751,2.2208310013428747,0.5344723883666886,59
0.44177248847405604,2.512070921745744,-0.0929140207243182,1.033271891033451,-1.3051808470746338,-1.5402471537511124,0.034185973720120444,2.119905911914983,1.7207440401816951,-1.4515217599731536,59
2.441346073513914,3.5811799210066315,2.4760024327917733,1.0277439762686158,0.39282327194240185,-1.3299632357082731,3.5280990849666196,-1.1332976570525202,-0.4749144461054362,-1.202812181133773,60
0.10418330880217758,1.9462005710667223,0.043339977550699516,0.35312112416216257,-1.8678030866461763,-2.252584710835273,0.1964867631749012,2.338163979674067,-0.39969540949482973,0.4219555941049049,60
1.7042208137679296,1.7193619312062314,0.29462629421423037,0.5105745238682782,0.2152371641001758,-1.5184462929708058,2.938316502382916,0.447168029830348,0.12496775557798934,-0.7754674158446342,60
1.979903729304399,2.9175703145654692,-0.5576382237770239,1.7215576546489988,0.11108107883670648,-0.008498021592310945,0.7728458059856642,0.9552780575289384,0.056346758422308074,-0.9609818347074137,61
0.3022312864222484,1.7348724545386718,2.3702843110076914,0.36265154137973665,-1.0096407792600097,-2.2422968739641713,-0.892452873182711,-0.11140931445174695,0.4708276820212034,0.7491958924741047,61
0.7613334680361437,2.298856737251864,-1.9971159785200623,1.1831420050580865,-1.7468197519817752,-0.6381886085265829,0.8918848656961105,0.518390058040862,-0.3648047445689042,-0.7584370138224354,61
1.4013730653497694,1.7533713479504782,1.676951382965239,1.01620204100294,-2.708409384962246,-1.7489785644581282,2.3800604085952477,-0.05672925031537224,0.2346029924104207,-0.17975795075755485,61
0.4662133244643526,1.6273814703351372,2.082363277761983,0.2560773823059064,-0.5775201920060788,-2.828394774780765,1.3361657349023206,0.5953157807028719,1.3719525879718426,-1.5861701989964268,61
2.036142518017746,1.8909340117009599,0.5534383177391238,-0.17135706745028045,-1.5519599398057455,-2.8565762179733167,3.082005253506326,2.162233517456966,1.4269048101180997,-0.18084581793836474,62
0.9328474293218152,1.7137209701965852,-0.5953186277989051,0.1966266047210934,-2.4791768378530614,-2.1005227665922686,3.111015878571508,3.189817708226764,0.6511302287041767,0.2932150351361993,62
0.6629381843620156,1.6205745093848354,-1.687843960397723,0.7954602639167421,-1.9678153658224664,-3.061548490021878,-0.22174748298582392,1.6002882402523753,-0.6022745869290065,0.41276826247730325,62
2.637833568538888,5.682470292023071,1.846903374595649,-0.02639714558689432,-1.6667620421437919,0.25378435572372027,-0.1573171610311137,-2.1268097483681405,1.9715955464045507,-1.420762559744212,63
2.089893347014605,1.6478877575774733,-1.409770951790315,1.3349642563156516,0.5865524747339985,-1.8091825896955247,1.5074120156950537,-0.5175510429680859,-1.2197713711387654,0.5984257144113521,63
0.8881081934374824,1.7208631271475825,0.6334964767692175,0.7899216217184626,-2.1222017413491434,-2.687543934456264,3.44919969845159,3.3512464345851054,0.7692768398605234,1.8546175885378808,63
1.3871081821011466,2.6691719251630674,0.6888765245962047,1.7274406970886007,0.2131286144048823,-0.7776567428055396,3.080855860384683,0.99876966673233,-0.05735420816346348,-0.6638098838448023,63
0.21156868703392007,2.373596413780751,0.7924417437654521,0.18473880133234655,-2.649291191517941,-1.7001841945042035,4.010699118758071,1.9613633536618087,-0.22160334558344363,0.26423529027363424,63
2.0536683910273075,1.515537934852036,2.406845552511702,0.6067121712482746,0.46477626066298683,-0.8852184173759805,3.516000458514447,-0.37553016017184815,-0.29220189635070204,-1.5755092838440152,63
1.467245369257221,2.232800244233933,0.10964415299267438,0.511406634219111,-1.1599695676812938,-2.787952991967904,2.3186004632191715,-0.8038385619148389,-0.6602807622077538,-0.31809102475285833,63
1.929729207654718,2.6836293095739103,1.669683214338189,-0.13232401606727517,0.20750835683951818,-0.9817935329456775,1.0989542570458832,-0.4909304954575684,1.297092565386102,-0.5392886493306499,64
0.22056783045367678,1.9614505491234548,0.5259043394290233,0.643687480527761,-1.6041802370967675,-3.2296808122647067,0.7215177938656003,1.9614351113916433,1.2646072583864947,-1.2843362871034054,64
1.51365463659339,3.510438837533712,0.2648568759113745,1.203345976400711,-0.5931567342789994,-2.425907344435728,2.007770432112843,-1.424601119824255,-0.09566874525065971,-0.323792100036544,64
1.1803699578940368,1.8098092756296473,1.9381997472570758,0.9965921746274495,0.4575296879098958,-2.1805462295319877,3.857022871993176,2.4624568355829837,0.32315490934610924,1.6222970650273592,65
2.081145048009007,7.376676783117863,1.795120710127053,0.49301259480616144,-1.777033866332624,-3.31235403335528,-0.12997861917824993,-0.18701133798937963,1.3122070730850761,1.7755121747459013,65
2.22702014428822,6.899955284364206,-0.614179986749924,0.29208324295956567,-1.2288683889986458,-0.8065878465325791,0.9380159966254062,-0.9192644636341989,2.0911494438849783,-1.2786282252970933,65
1.6322122955043226,2.1979462340230236,0.30605596518136347,0.8182341239066582,0.5174313207316108,-0.2715142586947259,0.41029880005409414,-1.0497920062298567,0.3833317787996444,-0.23628988955662633,65
0.7318913579745557,2.083721464840673,-0.4424826074953878,-0.0020110691826773497,-1.6272479114792147,-2.5817743945612257,-0.012825094361324396,0.5918051968941818,0.2187911705928114,-1.3554991766355462,65
0.2184903058324609,2.6100164470775846,2.227594221745627,1.1160904469300248,-1.069900978645023,-3.2523159849913963,-1.0923839272045344,-0.8078569712841126,0.38889196082643496,0.2756075825986537,66
0.18258306497644428,1.6566822305889461,2.2120373611468445,0.387816464411769,-0.2878293575762072,-1.9216553319404621,1.778969320350213,0.35900134018059227,1.0340886104077964,-0.17199883811078864,66
0.3982911090104575,1.572501578893275,2.4042764570823607,0.9873946653320549,-1.726073463264668,-0.9416727969005572,0.1281738311590539,-0.6037590311298082,-0.6387587103454331,0.6243395964021374,67
0.2861032148524595,2.107728988906785,1.9443081210722353,1.2791786776579759,0.516798373304904,-2.239945811000984,4.029943422881164,0.7442580427663597,0.8528239900166854,0.3668876574119353,67
0.6441946772825877,1.7681246662043308,0.2412108824082777,0.7243249894414574,0.5291871567302979,-3.0794907858408185,3.9438873951190745,-0.6862649162142294,-0.6215047837213932,1.5844357391316368,68
2.779776574471888,5.387005841227599,0.6801003565950752,0.2710536790599969,-1.4998204443044187,-1.3202075729703844,0.3594382213103291,0.011883382630476724,1.6491204809321802,-0.6891504890715323,68
2.101705433118234,2.570826394122379,-1.239532545009844,0.3076142181095358,-2.82946257365136,-1.861645223774368,0.7136975527696023,1.0158159044461996,-0.009569242373595799,-0.81603576794617,68
2.040314445080036,1.9082148597340785,-0.6386611483083717,0.2906095809453717,-2.5789638103270422,-3.1140423966110506,3.536989553358156,2.9101514433186315,0.192504470907092,0.4337168789147876,68
0.19543433516041792,1.92284869981921,0.8930444574671683,1.422186924861494,-1.1202603226628691,-2.1466413445081267,0.9137110685838632,0.04091379352923408,-0.21501630302817265,-0.897632935658832,68
1.0764603065067542,2.870204718087467,0.8563278604803726,0.061676480515008514,0.3711162847081617,-3.0575445387098603,3.785855836775,-2.0157828495194874,0.42700296170673324,0.131138348508971,69
0.40201833657925723,2.1950821409754955,0.15297285864089805,0.7677362511375407,-2.653084600462863,-0.2734183319711301,0.6426574081657401,0.029648762762323866,1.3051304500472551,-0.9494670048167633,69
1.2245451889495271,2.6110427649611925,1.4830670833200648,0.18006126805106915,-2.1714273693842694,-2.0415671449912742,0.889930037471709,-0.602706395757562,-0.606536351111894,0.5697395702734096,69
0.1921590730743616,2.5338353622975984,0.6932472128017473,0.5923895444735621,-1.9274818611178286,-1.5804500024481978,0.8628887705306232,2.138020799076439,0.43222947381081633,-1.4157825153057133,69
1.4193244083609238,2.083949200392165,-1.6418936918632032,1.2212576136430808,0.465214726862317,-1.1779746881083888,2.637933096602487,-1.746137568685024,-0.4178966029735409,-0.3457289780267514,70
0.4621156106957386,1.8430317568235444,2.4123190204812097,1.074715812693638,-0.3604923409446341,-1.2221913883163245,0.503323655038824,2.05870243340543,0.5314017197890131,-1.5564710242126094,70
2.9773827770420387,2.037765813448279,1.1453014208728134,0.7936817615460514,-0.20142411721219666,-1.2305235920808677,3.920232178383614,1.0079206430174712,0.595836429888271,-1.0049557315633322,70
0.5201511995349746,2.6045318248160907,1.898516858496932,0.9483246440948516,0.5087480814339318,-3.2113747550146394,0.8528973115557452,-1.683547338918146,0.5964601682018795,-0.4941311467601075,70
1.1816963360916073,1.4409221187346066,0.21735018350311908,1.0727663621506784,-1.528683430181158,-1.5261263749345864,0.18766313303381033,-0.7990142250923278,-0.24506037363881505,0.4831434574472202,70
1.9532787053774372,4.537826156227477,-0.615384428616538,-0.4920650220607752,-1.5245754193198693,-0.5416216661916451,1.597713568464311,-1.4587809095302213,1.941278070264195,-0.27334970785681945,71
0.5033934418494792,2.3196806060905804,1.9375358643897362,1.0269633015765276,-2.4514933206585274,-0.34760321458025834,0.25452405380170795,-0.4036130988019788,-0.11469746649994761,-1.5344205192081277,71
0.3651188783212653,1.7471930025327223,-0.3267563224764971,0.7694099467159252,-1.1231556975199246,-0.8340592115928902,-0.2348353551731721,-0.9165290617079835,0.3145550375184536,-1.8540784785603974,71
2.2945905706379843,3.2780465791916007,-0.2547205409618698,0.05031490660505167,-0.6005862678431666,-1.1745964019833388,2.9075950352572892,-1.0878711466020985,0.6576159868893958,0.13383569389425887,71
0.6530802442545051,2.5072360003077208,-0.43542716391484815,0.7537803228609667,-1.5991977388215253,-1.7937339891829567,3.911076205242538,1.9740069429058922,-0.06410005005570163,-0.5451166434013928,71
1.5315043710735143,2.540379919685391,1.2775094195495704,1.147485543540816,0.4648857408886351,1.000867336951318,0.5101918901057321,-0.3776808518934396,-0.823515865767456,-0.9623638578624889,72
0.1709233407723651,2.648589746164756,0.7615756737441011,0.3433448826490695,-1.0978266040627258,-3.2029477424323556,-0.08566501246229219,-0.6696876268868608,-1.159836737428604,0.14136515514943637,72
1.8256273503344826,1.8131333719236675,0.20571142729817948,1.2704158054435304,-2.2142996716796057,-1.4057170770112803,0.45638783854571496,-1.2345403842374423,-0.9856262774259623,-0.7020289812457079,72
0.671281190603508,4.627135629034063,-1.0414589533762484,0.10064872609538744,-0.6163991543622958,-1.6250407443966848,3.4224750585764347,2.8385143036840788,2.009794042916198,-0.03774535720132821,72
2.157274609863139,2.0158490075841065,-0.28739047359445724,1.2948496848335438,-0.461235182210352,-1.0234234388123187,2.6356067804814503,2.8082133469213435,0.7297111636001685,-0.6500057080745838,72
0.48521440580772746,1.761275808880821,-0.7693066615472302,1.3583068358597652,0.18732200891183126,-1.2933211132252045,2.8171016429712026,-0.4462703639801042,0.409380712991783,-0.8491400636891471,72
1.113787367430035,3.785884488725343,0.17611780217237794,1.2736180395706445,-0.6942457757419276,-1.2801371937580637,1.5427653444103226,-0.8817050434181135,-0.29613295382732474,-0.4266690247315057,72
1.5108835025474558,1.3039058468971287,1.9802800252882413,0.481852890845754,-1.2620884978101576,-2.2585305519413144,2.3989263509042837,1.8017905026605368,0.5062966744740818,1.1812545598811615,73
0.3324318132621402,2.088340388264016,0.7889884944538821,0.8303752015579517,-0.9991801160650644,-2.436664170402887,3.541737349349278,-0.6889467256135813,0.261132564413626,0.28362608705657166,73
1.579178753851512,1.856935549578234,0.9944906157423614,1.0672765180093196,-0.5064939882709223,-1.485783570414671,2.3278618334750956,-0.8250279345785325,0.08975672226398546,-0.5711695346354622,73
0.3752807669260865,5.961785933753439,-1.8719932196821083,1.0788298113378834,-1.2098502745833668,-3.023705791852654,0.5464317409229986,1.891264448829042,0.7527735365928878,0.26781676552918343,74
2.202868997954942,1.262117348701918,-0.3218071584410458,0.6588333334851697,-2.1874886254245363,-1.0305982506309666,2.4819653117308276,2.086181496126666,-0.328190988103644,-0.40622820141759863,74
0.298841356136913,1.878179814979025,0.156929422010053,1.0862607781811233,-0.3405887875404878,-2.5611974440745393,1.8499217925798082,1.1307729902843198,-0.13281502779146503,-0.6110852524503791,74
2.038499852101831,5.391273837633562,1.7177666042192339,1.6180784345051933,-1.0389667771435995,-1.9469321347361905,-0.7285035473894186,-0.8144179526635391,-0.21093238686338678,-0.5994511506330091,75
0.5420940244196847,1.6221584679483854,0.9706469048207498,1.2109113436471484,-0.854743119836364,-0.6735472451784679,-0.9793651354476656,-0.6759798844404716,-0.6385147027728295,-1.914615957119997,75
1.7616606255027285,4.313527006625066,-0.10676703354174677,0.0669703953143248,-1.2629229626143252,-0.8454184343471409,1.0389642888096562,1.5407124301155912,2.5403406030943296,-0.4229203381303024,75
2.8187693236130555,2.773734948662328,1.0317639536392842,0.04055348918218815,-2.7654200585938544,-3.091072749817827,2.6296236706519096,2.9557598897212616,1.3339082835892722,1.3639991520437968,76
1.354931170077625,1.7383878267466795,2.143386860784574,0.7672960008254011,-0.2179516005650406,0.11834939100576136,0.25965049389114814,-0.009273546488905549,-0.14651058478206735,-1.79632795005434,76
0.890404264039137,5.033319593860636,-0.12724850157313083,0.9124089756978151,-0.5146062678984014,-2.6408889649947436,2.907902164046857,1.4636335929646789,0.22634173417280268,-0.7135745963395907,76
1.8292588244671797,1.9040232769403844,0.6588916858100755,0.18667274305167014,-1.5805373768275255,-1.2043198323326054,-0.28561488222429565,3.0164946842725096,0.6104202788774327,-0.996673237591307,77
1.8524998507033203,2.3663992821777526,1.1653430569037426,-0.07666484488100078,-1.3637364833697199,-3.28227460830801,2.9978928602604222,1.0444421169173315,-0.23386968460366697,0.19729300944995432,77
1.3813695614293366,1.7011058047423429,-2.4563425448173435,0.6092409543468431,-0.5493012100247627,-1.5102043183363694,2.208668185545318,2.5293995623689662,0.09343456258987715,-1.0857250378163543,77
1.021319665281048,2.2665636963773608,2.421485325929324,0.9155961837776152,-1.1370751570610158,-2.4912940255564027,1.871157378702958,1.7416232840189312,0.7535130440044848,1.3601849399609458,77
0.7653648821884778,2.904090383435121,0.5994282366333303,1.1537745132356583,-0.10547330476901218,0.5467094009611149,2.041054936492807,0.41888186664324456,-0.5054733868268344,-0.7604619701946951,77
1.0416356718740063,1.3692866971413635,1.7385574065794671,1.3622018014162398,-2.5765690365688836,-1.123423459271927,2.2361705626084216,1.6930276280291445,-0.61773784207192,0.9222538356934824,78
2.353232123552084,2.6313959993722706,-0.35506835303313267,0.300820618628304,-1.2043760432541608,-1.749354527165936,1.8155068006744877,1.5972417506920356,0.8626767199493548,-0.0038758093719799547,78
0.647319746060025,2.1319973693719803,-0.6008005065364546,1.7005070405050517,-0.07787852497377123,-0.8319490635713884,1.8194420338867543,0.6728524098867017,1.2685431860399334,-1.5874954974261695,79
0.9815514024874552,3.239834142470924,-1.2859772589934149,-0.13105840403244562,-0.2232004822514284,-3.088389972141562,3.680644384163421,-0.9624838407514247,0.36845581331834465,0.15156505464703862,79
1.3972590492523238,2.066272716434457,-0.5876221229033272,0.5848450072073441,-2.3697625590692803,-1.9664216386246103,-0.21561035346967694,0.7453561988609527,1.7478179590835126,0.5286154474275233,79
0.22383083058601574,2.0875476775705963,2.7332061342617955,0.9749979231215105,0.3659389579681913,-2.402652557311747,-0.028116995722899496,-0.2121230606295481,-0.3093691589077867,0.18939613948907885,79
0.46108047985522704,1.6387059680307585,-0.08066261877031344,0.6668594704193023,-1.9989891825635808,-2.103857173333604,2.999142414748759,1.7866329405655383,-1.1049267400003973,-1.0206000558208235,79
1.244404831550761,2.1992834549649514,0.45288977369485695,1.0910240118535732,-0.5328573857168273,-0.7737360644035243,2.8406332119000206,-1.4744525758807159,0.230478954087038,-1.9798733386564396,79
1.8387941211046528,2.1371020144257638,1.4609476851173477,1.0266953597017778,-1.007488498030384,-1.9417603113791915,1.5116616628186668,-0.9263378511779135,0.4035802590934692,-1.8588340919470792,79
1.2606636975725762,7.395723133866775,0.6925713542230594,0.1696660973076174,0.8245023359336758,-2.7865007224165232,-0.0026147421729376674,1.857814493419979,1.8832216098216161,-1.0861039500750413,80
2.8539925097014747,2.3500188308587404,-0.43185467726370064,-0.1263665285055704,-2.180314626870692,-1.3551029401592676,3.356038366493226,2.6068238882480044,0.27157247482360836,-0.7859910116414375,80
0.7847120828061815,2.356848506586346,1.3411432154360297,0.6920609010127396,-1.7471740114402123,-3.292465619310298,3.126173733595893,-1.953448970794125,-0.05616120588415763,0.57770820436432,80
0.20188057041850654,2.537388321160323,2.3372909825849364,0.9134726635454897,-0.9541103312188906,-0.5094371405703115,0.9819560820029611,1.1018215125290465,1.420728374094017,-2.004631452332268,80
2.14223294474953,1.4720463892105133,-0.134901886196364,0.9642565070451865,1.4889638120017592,-1.8601324573949254,1.4003617537196904,1.877707040483866,0.12518917132284013,-0.00027476195023012906,80
1.426993458660041,2.5777894059608113,0.07973688349453534,0.8607952689098606,-0.80649454461535,-2.464761203031319,1.887096261025838,0.23348436422837482,0.40575086486514733,0.10136367251857603,80
2.29600213133437,9.147853425226803,-0.1919530276593635,-0.49777320889380094,0.8180218798116026,-2.3284545617470505,2.365957220669073,0.24060625239098332,1.573832049951319,-0.2453730181932281,81
2.682023285653101,4.734429333304958,1.4096456299372635,0.4643709426390177,-0.10069900225283535,-0.3248774294572496,1.8175714262582687,-0.8302776593465722,-0.26246631066987947,-1.3104392510377432,81
2.431852046947291,5.867250372204807,-0.37538958421370694,0.045287927878649104,-1.686161929887942,0.5002175236418194,-0.343468099721699,-1.7937936440155122,2.099950712376705,-0.4945486947848132,81
1.1030345043354357,1.9634028225528115,2.363258480388029,-0.21584760854845841,-2.4330811034842847,-2.7914680042844506,-0.1629569684006804,1.902841389888632,0.5360172515570429,-2.234723086750082,81
1.5857739184234296,2.5602555040397887,1.431130248896845,1.4639055901321072,0.5833790033258368,-1.5400340997008657,2.596574867161996,-0.055489462143955226,0.8189334458089936,-1.2125797443406618,81
1.0680844957056337,1.2066322604955668,0.08670249409694986,0.27697926073860346,-0.9290491534012619,-0.9311199427528223,2.830611123215684,-0.09311900856810462,0.39381959913676434,-0.42808774737306177,81
0.30629687397842975,2.4471072017759536,1.7614298807606747,0.7578681729232533,-2.846626409010937,-1.8165259603403232,1.2876166075147149,-0.6732489981061218,0.709910640821636,-0.43318302505410733,81
2.318831749642318,4.990939935887951,0.23285186570028715,0.7754893748758311,-0.3860703707175013,-3.3094572000073197,-3.0624398412306997,1.8551314411428708,0.9556784986913907,-1.9206717240015247,82
2.024222098612905,5.428057882032885,1.5632818730325466,0.8123406513324758,-0.0803853788465334,-2.330944865983809,-1.2205999731233996,0.4662295916597632,1.4894320258562108,-1.9150246524070464,82
0.9725180323189666,1.308742473278742,-1.39189984744645,0.9882758707051043,-0.16389871634473074,-2.599585337267128,3.810860250424718,1.4086190641119667,-0.9296623778555639,-1.8070621652062704,82
0.33436286081156774,1.965158529915965,-1.5856539056346688,1.2741353073124424,-0.8589143731685267,-2.30633235016598,1.094284784545886,2.2364458926944497,0.41523043807570614,-1.5326176755358478,82
0.43585259342303173,2.3249876452442173,2.2872353704621213,1.1636784617631877,0.4130311649974687,-1.9288470758382916,2.358163978296072,0.8936552593520006,1.0826019229432657,-0.6296351164914957,82
1.4047856552626528,1.048977238714232,1.1672332308573483,1.0314337972306755,-0.23897328754696545,-2.8750118683599593,1.0727416300938186,2.0859220531322284,-0.9114806729948615,0.7034049636288282,83
0.27130559802828547,1.6543037024020528,-1.6824250708554245,0.8726591052885762,-1.0197984222141803,-1.43447290767341,1.1216786314509122,-1.4821897473345857,-0.8309253645507753,-1.542719112915151,83
1.1570253657186562,5.834486894772059,-0.023807882020945303,-0.3081148469802599,-0.4159431050458031,-2.3720027240812573,0.7043186683275993,2.9274893659523116,2.883923317653271,-2.091112101396279,83
2.2678020476307137,5.5341987502031325,-0.19912167275660986,1.0764611903318708,-0.9236594170020251,-3.0054806493961492,-0.882346791695209,-0.09540191397420461,1.1638863720241996,-1.4249583148262943,83
1.6896423166485142,1.2388157878525197,1.5083118186630102,1.1246325535076354,0.3615905278470497,-0.6198295304022721,3.4544082578836557,0.44675695930966697,-0.03668751441451823,0.23735661297900856,83
1.1815550036548002,1.7103334840597775,-0.4061496350826399,0.727721438615458,-0.28266397426793244,-1.9073874668227517,-0.059244403395633416,1.931551216892684,-0.6375030998134283,-1.3234035899290308,84
0.2083665112838709,1.9800546894094682,-0.60826862078701,0.720040425664346,-1.5214489737863608,-3.0199541785952286,0.9866543996914086,2.498273044343793,-0.23269129616143314,0.1322489582124926,84
1.990808296870634,2.559285359836733,0.7239486364597849,-0.08554477920424564,-0.03544976909335995,-0.8736731891928251,2.799666909823017,-0.3666213043796327,0.7843040905088028,-0.003112503812979117,84
0.10786576096952162,1.6273950285365189,0.824085179120253,0.4268126157950607,-2.2717695361440144,-1.8997722775762227,3.7356575646638577,2.356171195433351,-0.07521603492643436,1.046094364898162,85
0.9268365221887948,1.8411737112157704,2.229738958153024,-0.0042339723478983515,-1.3241113254776307,-1.247458270941748,3.980632225517038,0.6445037263409912,0.7544898001689977,-0.555799050699042,85
1.6760475596818047,8.181260077330244,-0.15580489446368295,0.2935419102442416,-1.4034019235205042,-2.4199193516245288,0.22957488078703392,2.3098215936619786,1.2345154976285486,1.7789807863852403,86
1.8640853238168555,5.021563422233153,-0.5476912667451415,-0.10194184606701917,-1.133964312656855,-1.7031788827380372,1.2022282662075616,-1.746900042126668,2.303872216003418,-0.4292156189685521,86
1.285225640510956,4.528840397160198,-0.028467043815241677,1.1307965423944553,-1.5260594331418658,-1.6302220150266333,0.3930528979468928,2.430038964626082,1.8825487982867983,-0.3365702369589698,86
0.5457493214980123,2.02966235540429,0.6168349021387516,0.8934773147422521,-0.4699626911488295,-0.5932361281813789,3.324342219342486,-1.807175349803561,-0.4495594194483423,-0.466710235270575,86
0.8541862705279659,2.356913481011243,1.3110987000428214,0.9095931129438024,-0.6215357198214155,-2.300776651475627,0.23927710650718215,-0.5621420064906055,1.3368451527941807,-0.8514327619439419,86
2.051977458968457,4.430251116597113,0.37352586277488875,1.0482242267901274,-0.4912173766224508,-2.955024739691478,-0.26845066932478767,-1.9797420236362164,-0.15376294079579278,-1.7373628218166286,87
1.9228176890066422,5.773738429805469,-1.373991901328814,0.6368882563866305,-0.07110171178004476,-2.3667627670618097,0.9336147144409459,2.2455392217107217,1.43672079476443,-1.5127987747677154,87
0.4334631074201263,1.803202907170468,1.2436875529851408,0.942241241140096,1.433937350450881,-0.016428290186786043,-0.05935606336570798,-0.3480552060602604,-0.5321816558158956,-1.9259722032934832,87
1.0015329626715543,1.6226468862394987,-0.7161786741332299,0.9507388098777496,1.1227140094024968,-0.24713941677457374,-1.0278740108747413,-0.5434272731744447,-0.19702448265284556,-1.6101652773792776,87
1.8707839098977477,1.6087887892137562,-1.8205778015041525,0.7946300182409614,-2.5490976574269797,-1.4606196571966772,0.27369210883812034,2.330467156009429,-0.5015247646867074,-0.03347570929724952,87
0.6671009299413923,1.762675724979614,-0.6178702264430789,0.6390928671293943,-1.885094540255253,-3.071195462590406,2.744754167519641,1.1657641791423083,-0.366581692083662,-2.2217431359439956,87
1.908390424214763,2.586442552335053,0.7475222231609666,-0.03623215012320724,-1.3176426174830613,-3.256980357673866,2.9146263383099127,1.4764573420508111,0.7445719017139818,-0.21201524821063433,87
1.4633273817369559,7.253948064147874,1.6390146254852214,0.2317945461783255,-1.917613905029373,-0.44289657789294035,2.3637623413087407,0.9184327976580717,1.7225345381377775,2.262237376399278,88
0.4512221772683648,1.908937856488877,0.2931204735229085,1.2831445813318707,-1.5236818975770186,-2.563549972178304,0.12431079217537722,-1.6835544924889037,0.38057668568191394,-0.6332839951541773,88
0.10224747349332096,2.3055028685812857,0.23486730597126027,1.266997358466332,-2.081769740145217,0.3333430863446414,0.6411312468112804,-0.9847454735728685,-0.3688317268293111,-1.3063707699930518,88
0.7767728015608745,1.6777063975546467,0.5016096442210678,0.9525550259347462,-2.627453666346003,-1.1034947745045152,1.7751111771252193,0.8079179174330089,-1.286159241120464,-1.1506064213369407,88
2.1779195174759085,1.9480894845600851,-0.9603117225780302,1.1440826535220285,-2.073194331787709,-0.38857163556306507,0.8640614081773288,0.9562293849863654,-0.0460586785528494,-0.2147378594876046,88
1.621023671117407,1.2859861440886677,0.0934224266745507,0.6863398515247381,-1.5409864684815973,-1.283063106040768,2.564168706063491,1.2059167718871775,0.5615898334407992,0.25871805283828486,88
1.4128048649447633,1.7018509540626994,0.6151874255901575,0.9380320002504186,-1.3837247062899451,-1.2194227449789654,2.056634477657113,-0.7708438311420713,0.48523616468220654,-1.5582543382103893,88
2.1748173875627232,2.724909461926589,1.365348571507485,1.2405213455801007,-1.054690885505196,-0.0327949481224552,2.117760210106253,0.6072850040113345,-0.6453011795133494,-1.9030036029631938,89
2.512967422943982,2.7487571611549346,1.007821411725935,0.5997835589687042,-1.0692106817561287,-2.4750612456915206,3.6160097112751046,-0.32513091837542896,-0.313010304364417,-0.44601107792945793,89
0.669347873641761,2.027557547033923,1.2168982955888548,0.9058446017738802,-2.237687973356878,-2.4164098107558165,3.137858381435427,2.478230011321533,0.20527938573900917,1.316709358462238,89
0.8794119453697753,1.8312322270491337,0.2652330809508743,0.9875663897371498,-1.0179754526711247,-3.1782140243551447,1.1583796133735191,2.1155150159720977,0.08853808239597427,0.5955600609687393,89
2.1686085849709182,2.0251709443574573,0.38398245495754546,-0.04384120998954355,-0.6707346612359832,-0.6427391953159822,1.2022272413360184,2.6485013102335975,0.4092659077215357,-0.8186493081320243,90
2.1281194295983976,3.4409174901597837,0.21142101700617033,0.4575115673788357,-0.24104607069835815,-1.1754599923685727,2.3062351059737196,-1.150539389368686,-0.4193723776350522,-1.450534873482006,90
1.2332171487012307,4.430541509145718,2.4491699509162403,0.2276620323688996,-1.5245960744681666,-2.151947121086833,-2.4297274285989,3.2453270988294127,0.9456804823944318,-1.1212907588866035,91
0.2055212858277115,1.8086278388462922,-1.4735621107525612,1.1404852884333891,-0.3934955646714764,-0.9693986527635357,-0.22210740618087188,-1.1052150425946086,-0.37310955926797895,-0.4220274200855232,91
0.6425172393553059,2.711280933001163,2.14267726545983,0.3723446059721649,-0.3995283921684658,-2.0010785063494225,-0.25073667490923013,-0.5576319406486814,-0.024001308785071895,-0.24725102680426225,91
0.20030326654510366,1.7447172904801134,-0.8199423236657315,0.9924002952686011,0.287382268455433,-2.457606028196591,1.050174723245581,1.7739510233493503,-0.4705598621810967,-1.9997938736681007,91
2.330358649064856,2.23224561927265,2.655783024342667,1.3743624117017887,0.7488040295715401,0.1784032829970834,3.2727027241238185,-1.07961433282113,2.27498484884173,-0.6980937962103944,92
1.9032728779679622,2.3477349235845293,2.2061037406362543,1.4945084072067756,0.4448340711324925,-0.5046818347120574,0.14404013688824957,-1.8281226814025775,-0.5556573233394018,-1.5531350253691159,92
0.5509225059454927,1.9068759016413923,-2.188939640622528,1.2271165086305293,-1.4750868190278301,-0.8553678791734418,2.277831884467642,-0.11837651538745053,-1.0867253039991123,-1.1552010375417603,92
1.270851589940016,2.173470180075856,-1.770778119032161,0.4166350581696623,-2.122113291194587,-3.1073918796459954,-0.45755708033617015,0.8291515975987935,-0.48114142325853604,-1.4466324555527093,92
1.5478794382328318,2.8679575541262756,2.053911388096431,0.6605976830372677,-0.13762516359680044,-0.0909503188614953,3.212824840149686,-0.7759961319011168,-0.3278494056771888,-1.0894104689980628,93
0.7115805542225699,2.326272705857652,2.2741975811196324,0.17349010988711644,-1.1606319973726853,-2.1235570348568884,-0.7988807467904482,0.654789316898702,0.0626284134878583,0.1571510853680662,93
2.6917670714028623,2.925884889295861,1.6038200657995505,0.0004699438234641029,-0.5692845716877457,-1.5326419278778505,3.202739747147512,-0.10439119158103649,0.3042443742948433,-0.36774400928276085,93
0.5791307398156327,1.7945575243715153,2.429206290672327,0.7652510722198871,-0.43807850187498865,-2.613820586329516,1.8275639530709187,3.3524449287276896,0.28019236354336163,2.3011607102983493,94
0.8603919421333938,2.899385564832944,-2.7087394217829037,1.32430492472347,-1.9161960243525493,-0.5957536298610617,1.974716541125714,0.39778979407116033,0.4375962600990819,-0.6467976237521373,94
0.8845846288956792,1.519070706029986,1.7250902563406632,1.2384380729625795,-0.971783336514193,0.10155197637526481,-0.014838555763713401,-1.5184285853296167,-0.453871299961891,-1.0357690177475938,94
0.4820851925592079,2.214594880362388,1.941476182780434,1.3785227289112338,0.06543721299321614,-2.565859826803626,0.9900839209132473,1.6766023955035299,1.446300552091612,-0.7991342305026559,94
2.409712045603682,1.9662839298353147,1.0937275323951803,0.866915993165978,1.2019375242010168,-2.271467216540492,1.125084237554459,0.3168056797943568,0.58543961694921,0.8270506954344912,94
0.9213336783274746,1.6734428039955755,-0.24867823067170614,0.6855041350915001,-1.1763806625447597,-1.8909535741751167,1.890895207045216,0.3276089306751335,-1.3507056302381124,-0.11303193021069902,94
1.0944069021626983,2.287721721604038,1.625125739536582,0.027357243148894206,-1.78226393121101,-1.3651150789391813,1.450924429097432,0.02656277445819155,-0.5871580005435939,0.3023249786288851,94
0.5895369015455112,1.6956537133250194,1.5486272472511686,0.8861318021411542,-0.6126690954935907,-1.0442012186755991,0.510473826722948,-0.8519075515346224,-0.3534708674926881,1.1364010137322715,94
1.6103848980063902,3.3191565374329652,1.0070838620867328,1.779066268286555,-1.1809946175115704,-2.2176230884304666,-1.5785208570753717,-0.1912650098876414,0.7044528002686814,0.07783938597106,95
0.7234057917523786,1.4300831340161368,-1.0725694275122293,0.8900416296755895,-0.3509809309379883,-2.015559277277334,0.5666998749458481,0.29682041387724567,-1.2568667161190066,1.299013700333508,95
1.172221932521414,1.822155065462543,-0.7209178622869381,1.4525836169887336,0.13950392786873733,-0.605424908558426,3.7021435328728227,2.3190919208621334,0.7055554019326751,-1.9603774327705152,96
0.8569886891060637,1.5743555816983177,-0.41585101779843336,0.674393570351584,-0.6077445471894518,-1.9179479388131946,3.3582929146313214,1.3928452544632615,0.7752699802597309,-1.2304821850407128,96
1.1844961555727374,1.730725247834124,1.008513094736232,0.3823030919617483,-1.2946390780255819,-2.078638401474219,3.5418616454312426,0.8795611470646731,-0.6502036077118756,-1.0883594071683458,96
1.25091479996239,1.8313294158019313,-2.4204988602323034,0.9930133748905412,-0.4022828866618524,-1.0085444118469602,2.3380657842574273,2.0065775854940435,1.088519662319635,-1.755761304582422,97
2.6006000411338803,2.0731357478115244,-2.0084730816878444,0.9320417069249785,0.11645882931643392,-2.457828090920562,2.4918156539976115,0.8786417169726026,0.4145036037842402,-1.793121168509467,97
2.7757806553577384,8.132313686035364,-0.6397143309165152,0.12285641798375568,-1.8326759913186033,-0.7417029827923542,0.7952695261190739,0.5423619698837481,0.5545320382306227,1.9678997506475389,98
2.493391810905753,7.096408818709371,-0.009941186009653435,-0.11819946534002712,-2.313869431385736,0.28477620123757497,0.10617892407283236,-1.154465822182958,0.9509883292264814,1.7722993746486093,98
0.4303519825719272,3.1727392972446813,-0.7313884829902324,1.7082870851281173,-1.1099587745867283,-3.074276974847184,1.22365112903951,-1.5113758688680168,0.3297635230153855,-1.4647335445555008,98
0.6139860758144164,2.221383483098116,-0.4476970569315779,0.5296683061791474,-1.9065816043711745,-1.6744785458482079,-3.0317446116553484,-1.0286164618765399,-0.28004485963636494,-1.6413336657946713,98
1.5598574215093857,1.4132358286950781,-0.7877248056427417,0.3284430904286819,-1.3532842563174854,-2.50958952654519,0.8683257917205953,3.2781066757234436,-0.9104026003224841,0.5462498949147054,98
0.20864106849087768,3.0211970314810346,2.799036879026332,0.8410824868450844,-1.414861116684351,-2.7710788469873378,1.043898176077108,-0.27620584912699053,-0.3790511452010725,2.0708046032447323,98
1.1198018169243535,2.353780191698166,-0.9850367527094037,0.513329588292367,-2.3262170258374297,-2.521688787725871,-0.9738462397083905,1.011025599147735,-0.7638120744132377,-0.6482297476263299,98
1.3789612189616247,2.916690273007111,0.9998762617030703,1.0833272690009492,-1.1390174700158593,-2.7364890855962845,0.7921207280490652,-1.4676459626968739,-0.11629539414176815,0.13176671114846394,98
0.3963031750886835,1.325244816273596,1.624208742167613,1.2657212976246814,1.2330567218735045,-2.0051364951492676,-2.851417440539671,0.15566290389381,-0.45000210529067197,0.08770462786595168,99
1.4584413429803857,1.2737550308601175,1.9941362771046451,-0.4735021967330826,-1.6384973503076818,-1.8148432498282494,1.2467570838209525,0.7596734021388971,1.0280360470838148,-2.062083926335762,99
0.18217811241107587,2.1517422349019357,0.3274947502846164,0.7583480786225874,-0.7435202495786264,-0.394135007350652,2.4397043367237803,-1.2131633564342919,0.8082522381604051,-2.3592177750088887,99
1.5715967507955433,1.7056231678463964,-1.1502684573264945,1.1145971026598205,-1.4017197757065798,-0.4126900237923792,0.7660392388357229,1.7290428222552618,-0.8113340159405833,-1.6980190791916483,99
0.3101099759850809,1.8394765876858044,1.6264408523282148,0.8453144466684579,-0.8542561106505495,-2.505402474973979,1.4663561546081754,0.031747231047565716,1.770346303490422,-1.2128902768490777,99
0.7393622611714398,2.4468084983653484,1.2934538520689518,1.0842729550310253,-0.22291485865463612,-0.18856487258592258,1.581339649984903,-1.6373621736230972,-0.11697405540693451,-2.030211956437029,99
0.6817945402233888,2.4441949573258652,0.002740948285810507,1.1992335011436746,-1.3250136270674717,-1.7483963250181342,1.741900615264079,-1.4781312394803743,0.44037822808266425,-1.8637425009884443,99
2.2626244791833505,2.3693323280063847,0.3381887580452605,0.17650776674198365,-0.11527571101687739,-2.7886289918416285,0.8025051147447329,0.9754357942397509,0.6423797498032124,-1.0250975763192425,99
1.9837029482260315,2.3369187463434464,0.40611005452093707,0.6710334475556148,-0.34318753372170097,-1.8733423501247055,2.4952112340025776,1.2119625550997384,0.6547044633251193,-0.6316926827250358,99
2.5070552207627204,1.6494629216226548,-1.1235874061710682,0.8043789151320078,-0.02457551844967165,-2.1895568380458617,0.9599148179576753,2.910399494748617,-0.07867905119164709,-2.112946240953033,100
0.9120690957174995,1.688003506532283,1.8040133944376846,0.18531323468613614,-0.43552140385694305,-2.5518597280661237,0.4068665081948408,0.757624090201269,1.156118714997067,-1.1178621965082263,100
1.4199472347550677,1.8351618903451334,0.7198103178699653,0.6284812909915289,-1.7335981076776814,-1.9269345913168008,1.1777858608215395,2.213597389097928,0.33979929785614527,-1.5018866918242757,100
