x,y,z,charge,hbond,hphob,iface,nx,ny,nz
-38.119,6.198,-16.922,-0.110034,0,4.2,0,-0.710331,0.599186,0.369333
-32.132,8.5145,-18.572,-0.455252,-0.244191,3.99913,0,0.637452,0.13647,-0.758308
-33.1225,10.41,-11.124,-0.0725157,0,2.8,0,-0.846047,-0.343699,0.407523
-28.277,6.9165,-13.8775,0.0471411,0,2.8,0,0.830289,-0.372468,0.414594
-31.313,0.53,-23.138,0.0195741,0,2.8,0,0.505543,-0.206435,0.837741
-32.1915,6.7215,-19.363,-0.953848,-0.257478,4.2,0,0.64234,-0.0602856,-0.764045
-32.444,13.167,-16.293,-0.0383071,0,3.8,0,0.588843,0.632263,0.503495
-32.819,8.0715,-12.824,-0.546372,0,2.8,0,-0.689216,-0.440374,0.575371
-33.1925,12.6275,-15.3695,-0.0319697,0,3.8,0,0.345813,0.408923,0.844509
-37.835,5.706,-25.246,-1.24285,-0.074282,-3.5,0,-0.557267,0.516922,-0.649804
-30.922,12.4115,-12.515,-0.399974,0,2.8,0,0.11205,0.686681,-0.718272
-32.245,12.254,-12.444,-0.137113,0,2.8,0,-0.448562,0.668946,-0.592709
-32.6965,12.5057,-11.5903,-0.0251447,0,2.8,0,-0.787115,0.509148,-0.348165
-30.1593,-1.19125,-27.0305,-0.0296018,0,2.8,0,0.171211,-0.850053,-0.498093
-32.9725,4.8885,-15.916,-0.14359,0,4.2,0,0.531868,-0.393243,0.749984
-35.968,10.61,-16.0795,-0.0105038,0,3.8,0,-0.967307,0.0391148,0.250573
-32.52,-0.982,-26.273,-0.232551,0,2.8,0,-0.549682,-0.654729,-0.518825
-33.7772,1.37775,-25.4807,-0.237618,0,2.8,0,-0.735595,-0.256858,-0.626836
-30.383,11.1152,-15.825,0.519196,0.504857,2.8,0,0.600644,0.783873,-0.157385
-27.0308,11.216,-9.797,0.0929565,0,2.8,0,0.953161,-0.0105739,0.302278
-28.592,0.20675,-26.5058,0.0165507,0,2.8,0,0.979883,-0.149471,0.132238
-37.6818,6.581,-18.0952,-0.160021,-0.0156735,3.87454,0,-0.783688,0.60697,0.131983
-36.2168,12.4745,-16.0835,-0.0914721,0,3.8,0,-0.878375,-0.0775962,0.471632
-30.42,6.96425,-12.1973,-0.148138,0,2.8,0,-0.0570095,-0.816592,0.574392
-36.4385,13.3772,-16.7325,-0.103897,0,3.8,0,-0.955643,0.294054,0.0167003
-34.2752,14.3628,-18.6805,-0.116102,0,3.8,0,-0.112017,0.654225,-0.747959
-30.9305,5.8175,-14.3935,-1.07413,-0.545884,2.8,0,-0.423246,-0.869556,0.254432
-33.5115,14.5573,-16.8962,-0.0931757,0,3.8,0,0.48692,0.866895,0.106778
-36.8343,3.044,-18.1065,0.0479364,0,4.2,0,-0.15342,-0.966791,-0.204398
-29.487,2.9915,-27.8353,-0.0166891,0,2.8,0,0.443868,0.602247,-0.663536
-27.7757,7.51025,-14.787,0.295586,0,2.8,0,0.991442,-0.118677,-0.0543864
-29.3135,8.148,-11.5155,-0.101318,0,2.8,0,0.242409,-0.727053,0.642364
-37.5998,4.284,-15.9373,-0.0831042,0,4.2,0,-0.560526,-0.130489,0.817792
-31.1515,11.0983,-13.8062,-0.0982611,0,2.8,0,0.217747,0.961001,-0.170481
-31.8137,13.0857,-11.8883,-0.115665,0,2.8,0,-0.347999,0.696545,-0.627472
-37.182,8.3795,-20.78,-1.01596,0,-3.5,0,-0.348268,0.912849,-0.21311
-28.8935,6.1215,-13.763,-0.766633,-0.0227143,2.8,0,0.538281,-0.656416,0.528557
-30.8665,2.69425,-22.2892,4.77769,0,2.8,0,0.96465,-0.210152,0.159017
-29.0627,10.0135,-9.33825,-0.314564,0,2.8,0,-0.0136194,-0.52987,0.84797
-38.7915,5.706,-21.559,-0.264558,0,-3.5,0,-0.875695,0.481987,-0.0291001
-33.1215,6.99075,-23.992,-1.19303,-0.106396,2.8,0,0.456229,0.855386,-0.245296
-31.402,1.864,-21.835,8.35078,0,2.8,0,0.635126,-0.680468,0.365484
-31.5327,12.3638,-19.4155,-0.0829038,0,3.8,0,0.686365,0.222505,-0.692384
-33.198,13.7325,-18.817,-0.106282,0,3.8,0,0.171596,0.724894,-0.667146
-29.342,2.51275,-25.4468,-0.207802,0,2.8,0,0.796354,0.248604,0.551377
-34.284,1.062,-23.008,0.235067,0,2.8,0,-0.523166,-0.608596,0.596581
-36.813,6.2925,-24.7745,-1.8492,-0.502344,-3.5,0,-0.165714,0.882596,-0.439958
-34.002,6.605,-22.226,-0.148942,-0.270325,2.8,0,0.390496,0.89589,0.21188
-30.6405,0.0475,-23.7313,-0.247521,0,2.8,0,0.605902,-0.135174,0.783971
-31.948,2.33425,-20.667,3.45498,0,2.8,0,0.268909,-0.634254,0.724851
-32.19,6.57,-15.0905,-0.708609,-0.000361073,3.8,0,-0.22258,-0.835024,0.503183
-34.892,1.998,-22.799,0.415106,0,2.8,0,-0.494679,-0.763999,0.414245
-37.2207,2.06175,-24.5505,-1.46415,-0.100071,-3.5,0,0.136763,-0.871761,-0.470456
-35.6605,11.3915,-18.499,-0.100523,0,3.8,0,-0.855275,-0.134159,-0.500506
-32.7325,13.0945,-10.0382,0.0599114,0,2.8,0,-0.733329,0.572512,0.366686
-35.462,3.17,-16.0545,-0.0505795,0,4.2,0,-0.227579,-0.862019,0.452914
-29.0885,6.45,-15.8217,-0.325861,-0.193658,2.8,0,0.346566,-0.491839,-0.798741
-33.8255,3.252,-19.0012,0.58642,0,4.2,0,0.218896,-0.964182,-0.149791
-32.2525,2.46,-27.1922,-0.386528,0,2.8,0,-0.684502,-0.00833912,-0.728964
-30.4975,2.969,-27.804,-0.0184837,0,2.8,0,-0.0521954,0.620001,-0.782863
-30.7965,11.389,-16.7285,0.383754,0.0858175,3.70597,0,0.920863,0.389403,0.0194138
-35.6395,11.517,-15.5728,-0.0556803,0,3.8,0,-0.816164,0.0978196,0.56948
-35.5477,6.37675,-24.1658,-0.895679,-0.374049,-1.39895,0,-0.0893736,0.84149,-0.532829
-28.3435,11.781,-12.0518,-0.313617,0,2.8,0,0.490241,0.624562,-0.607936
-34.436,2.8895,-15.901,-0.0553362,0,4.2,0,0.0504304,-0.685757,0.726082
-31.354,2.285,-27.907,-0.242871,0,2.8,0,-0.342325,0.271102,-0.899621
-38.417,2.736,-22.5847,-1.47152,-0.599391,-3.5,0,-0.747698,-0.559807,0.357161
-35.9333,6.356,-15.5005,-0.0528018,0,4.2,0,-0.418964,0.247996,0.87348
-30.083,3.2155,-24.9015,-0.104356,0,2.8,0,0.796688,0.496802,0.344204
-34.016,7.0755,-23.402,-1.33739,-0.4998,2.8,0,0.0522445,0.994684,-0.0887335
-32.5213,11.0817,-10.0225,-0.283382,0,2.8,0,-0.672995,-0.307153,0.672855
-34.84,7.16125,-21.6155,0.26244,0,-3.5,0,0.541973,0.820456,-0.181981
-33.291,9.063,-18.816,-0.175675,0,4.16699,0,0.126874,0.140039,-0.981984
-31.2495,12.7083,-16.7495,-0.0125317,0,3.8,0,0.722855,0.549179,0.419385
-34.0265,0.799625,-24.343,0.0971645,0,2.8,0,-0.805548,-0.501404,-0.31573
-31.6503,5.21006,-22.986,1.35512,0,2.8,0,0.73397,0.65668,0.173374
-33.0191,11.9261,-10.6783,-0.0316853,0,2.8,0,-0.980345,0.0303534,0.194942
-30.4947,8.73375,-16.5448,0.294009,0,2.8,0,0.534585,-0.0898248,-0.840327
-31.1755,5.988,-15.4375,-0.566822,0,2.8,0,-0.0767096,-0.980225,-0.182414
-31.8263,7.56175,-18.905,-0.966403,-0.197938,4.2,0,0.72544,0.227161,-0.64972
-31.936,0.596,-27.059,-0.673919,0,2.8,0,-0.694584,-0.161167,-0.701126
-38.8905,4.91775,-23.0553,-0.651435,0,-3.5,0,-0.94449,0.327809,-0.0219266
-29.252,9.218,-9.988,-0.363658,0,2.8,0,-0.000832522,-0.665914,0.746028
-38.8704,4.01025,-22.6134,-0.856338,0,-3.5,0,-0.954813,-0.213406,0.206858
-29.881,5.3825,-14.263,-1.16176,-0.320071,2.8,0,0.102595,-0.981354,0.162538
-30.9351,2.66913,-23.4179,1.70874,0,2.8,0,0.971235,-0.053647,0.232001
-30.9045,11.0055,-14.9375,0.463286,0,2.8,0,0.2851,0.942145,0.176295
-31.2687,11.2275,-19.0632,-0.0398909,0,3.8,0,0.754379,-0.237593,-0.611933
-33.3865,3.17475,-17.9692,0.210728,0,4.2,0,0.647601,-0.74412,-0.164007
-32.5578,4.97175,-25.0729,0.0756137,-0.600872,2.8,0,0.0729188,0.725959,-0.683862
-30.9934,3.55813,-27.128,-0.0773327,0,2.8,0,0.0174758,0.727929,-0.685429
-38.363,5.39075,-24.3993,-1.40734,0,-3.5,0,-0.809822,0.521977,-0.267819
-37.8729,5.57562,-19.0578,-0.169252,0,3.28663,0,-0.992026,0.0508375,-0.115329
-32.5839,4.29925,-16.883,-0.0343967,0,4.2,0,0.868798,-0.466734,0.165377
-31.053,11.0395,-9.1795,-0.415873,0,2.8,0,-0.283656,-0.403941,0.869696
-36.182,7.93825,-21.3516,-0.798482,0,-3.5,0,0.185487,0.895843,-0.403806
-36.0522,2.34538,-24.0649,-0.613089,0,-0.23026,0,-0.0107826,-0.962905,-0.269627
-30.3555,8.50775,-11.0155,-0.327454,0,2.8,0,-0.122868,-0.715645,0.687572
-38.1058,5.06475,-16.4524,-0.0882932,0,4.2,0,-0.817399,0.0675965,0.572093
-31.3211,1.74137,-22.8276,2.84913,0,2.8,0,0.730416,-0.489552,0.476268
-33.599,8.20925,-13.5155,-1.39449,0,3.72171,0,-0.726849,-0.218768,0.651023
-38.0965,4.42175,-25.1752,-1.80706,-0.248196,-3.5,0,-0.640177,0.0185387,-0.768004
-31.1835,9.32425,-17.175,0.447419,0,3.39197,0,0.697788,-0.188023,-0.691187
-27.7986,11.4196,-9.119,0.0806455,0,2.8,0,0.648069,0.245359,0.720976
-38.2005,3.5,-21.204,-0.247105,0,-3.5,0,-0.732754,-0.504126,0.457087
-30.7484,-1.67463,-24.4041,0.0767861,0,2.8,0,0.38655,-0.73058,0.562878
-38.5185,4.681,-17.6162,-0.10532,0,4.2,0,-0.974296,-0.189035,-0.122529
-31.629,6.71488,-17.4941,-0.813366,-0.106225,4.2,0,0.890309,-0.342996,-0.299506
-33.0411,3.98762,-18.6274,0.686261,0,4.2,0,0.915469,-0.40137,-0.0286135
-34.6775,8.367,-15.2985,-0.196596,-0.393161,3.8,0,-0.720318,-0.0650916,0.690583
-34.7513,13.5875,-15.3795,-0.08392,0,3.8,0,-0.169492,0.340528,0.924832
-34.366,14.529,-16.0835,-0.0936368,0,3.8,0,-0.0649629,0.877762,0.474672
-32.084,4.8375,-21.7318,3.98759,0,2.8,0,0.663602,0.629763,0.40377
-32.0515,7.9025,-12.1535,-0.091966,0,2.8,0,-0.518144,-0.629263,0.579271
-35.7103,3.42313,-20.5685,0.70553,0.239591,-3.5,0,-0.0541221,-0.958597,0.279577
-36.9302,7.69037,-18.1675,-0.120487,0,4.2,0,-0.712514,0.661116,0.235054
-34.4668,3.43637,-19.7589,0.873792,0.453906,-0.0649225,0,-0.0969602,-0.986111,0.134851
-32.6069,5.08537,-17.9861,-0.0954525,-0.316999,4.2,0,0.903954,-0.382788,-0.190632
-36.8755,7.09,-17.339,0.0268986,0,4.2,0,-0.745401,0.515945,0.422112
-32.0345,3.6735,-26.913,-0.0759363,0,2.8,0,-0.413939,0.527882,-0.741616
-36.0658,12.5884,-17.6768,-0.098218,0,3.8,0,-0.917737,-0.0745943,-0.390122
-30.0705,-0.37975,-27.8805,-0.0190351,0,2.8,0,-0.0513708,-0.425942,-0.903291
-29.493,0.066375,-24.8019,-0.315714,0,2.8,0,0.783532,-0.226092,0.578757
-31.4435,4.5285,-25.9557,0.115321,0,2.8,0,0.217857,0.894019,-0.391495
-32.7915,6.397,-22.709,-0.233965,-0.00368987,2.8,0,0.562822,0.771441,0.296833
-28.7135,10.6695,-13.7145,-0.0602552,0,2.8,0,0.652079,0.664247,-0.365471
-35.673,4.1685,-25.081,-1.15384,-0.00720291,-2.33676,0,0.175951,-0.108906,-0.978356
-30.347,9.9305,-16.806,0.685775,0.136682,2.8,0,0.760106,0.0565719,-0.647332
-37.3488,3.292,-20.4447,0.0469719,0,-3.5,0,-0.304088,-0.86195,0.405676
-27.9509,12.5414,-10.3073,-0.0901377,0,2.8,0,0.710765,0.696514,-0.0983991
-33.4844,3.6785,-25.6612,0.178083,0,2.8,0,-0.460512,0.382141,-0.801185
-35.8203,9.713,-17.188,0.265659,0.243734,3.8,0,-0.922228,0.163739,-0.350264
-33.3835,2.425,-26.0695,-0.228398,0,2.8,0,-0.618819,0.0132389,-0.785422
-32.46,12.019,-9.57525,-0.0411117,0,2.8,0,-0.63321,-0.109175,0.766241
-38.9154,4.63462,-21.7,-0.316414,0,-3.5,0,-0.967627,0.00807149,0.252254
-30.085,12.8322,-8.60775,0.129699,0,2.8,0,-0.0767451,0.470879,0.878853
-36.4248,5.17544,-15.5797,-0.0639135,0,4.2,0,-0.312066,-0.057898,0.948295
-34.1095,2.296,-22.0005,2.06451,0,-0.462381,0,-0.350873,-0.672949,0.651174
-28.0586,9.1355,-10.6575,0.0196876,0,2.8,0,0.524649,-0.710066,0.469626
-31.2444,0.80225,-27.854,-0.306807,0,2.8,0,-0.42348,-0.156436,-0.892296
-35.8568,9.48713,-16.0051,0.0764936,0.0591638,3.8,0,-0.916988,-0.0619338,0.394077
-33.4548,3.05225,-16.7009,0.00693819,0,4.2,0,0.591886,-0.772506,0.230011
-29.8331,1.98225,-28.1525,0.131882,0,2.8,0,0.296446,0.0393166,-0.95424
-28.9246,2.67088,-26.9334,0.164569,0,2.8,0,0.921791,0.38168,-0.0679841
-28.8062,13.341,-10.1987,-0.0968899,0,2.8,0,0.565133,0.796406,-0.215319
-37.9381,3.51725,-17.2535,-0.061225,0,4.2,0,-0.763063,-0.631166,0.139156
-38.114,6.24225,-20.3855,-0.762365,-0.0335392,-3.5,0,-0.966093,0.14699,0.212271
-34.2441,4.31462,-25.0709,0.114715,-0.0131884,2.8,0,-0.149559,0.176603,-0.972853
-35.6647,3.60625,-19.2065,0.467341,0,4.2,0,-0.064809,-0.99122,-0.115249
-28.8447,1.26663,-27.1335,-0.09676,0,2.8,0,0.896959,0.074491,-0.435794
-30.0077,6.23663,-13.27,-1.01639,-0.077995,2.8,0,-0.0434884,-0.747054,0.663339
-32.5935,0.825,-22.7838,0.669355,0,2.8,0,0.049628,-0.533606,0.844276
-32.3322,13.0662,-19.6919,-0.110285,0,3.8,0,0.213754,0.620333,-0.75465
-29.519,8.383,-16.427,0.57968,0,2.8,0,0.325629,0.070629,-0.942856
-27.8872,8.74156,-11.7483,0.203891,0,2.8,0,0.873708,-0.481173,-0.0714661
-31.547,-0.655,-27.1268,-0.364376,0,2.8,0,-0.475549,-0.475746,-0.739945
-32.0578,13.5573,-10.9776,0.0602117,0,2.8,0,-0.371509,0.893447,-0.252457
-34.7935,11.4655,-19.2755,-0.11642,0,3.8,0,-0.395833,-0.138196,-0.907865
-29.0303,-0.43725,-27.5532,0.101638,0,2.8,0,0.673262,-0.430968,-0.60082
-33.59,3.85425,-15.7539,-0.0773889,0,4.2,0,0.499734,-0.354971,0.790102
-33.91,7.3875,-14.051,-1.11466,-0.477351,3.8,0,-0.674655,-0.349999,0.649879
-31.0316,7.65963,-11.6975,-0.0566165,0,2.8,0,-0.274743,-0.636087,0.721047
-28.6022,6.14537,-14.8324,-0.699195,-0.675564,2.8,0,0.685895,-0.698893,-0.202722
-28.175,9.62687,-12.9979,0.0788672,0,2.8,0,0.968437,-0.0259886,-0.247901
-36.1145,8.61475,-17.7698,0.435963,0.186303,3.8,0,-0.830382,0.542388,-0.1276
-31.9886,11.7996,-15.7515,0.149128,0,3.8,0,0.517963,0.676118,0.524002
-35.7246,11.2817,-17.106,-0.0102546,0,3.8,0,-0.983451,-0.138174,-0.117187
-28.1838,8.507,-13.5845,0.391047,0,2.8,0,0.951636,-0.0361578,0.305093
-32.6765,4.8755,-20.2785,2.02786,-0.287183,3.22161,0,0.919008,0.284291,0.273137
-34.4709,6.85975,-15.239,-0.23209,-0.229951,4.09475,0,-0.4613,-0.101489,0.881421
-38.4074,5.6615,-17.8717,-0.137761,0,4.2,0,-0.950747,0.299145,-0.0811906
-38.0018,1.8495,-23.6041,-2.03759,-0.489578,-3.5,0,-0.371481,-0.924415,0.0863613
-29.485,10.775,-15.1145,0.167786,0,2.8,0,0.437865,0.865688,-0.242608
-34.2528,14.7644,-17.5392,-0.105295,0,3.8,0,0.0723302,0.987464,-0.140299
-32.669,5.76,-19.461,0.25937,-0.969034,4.2,0,0.875591,-0.00989214,-0.482952
-37.395,7.59688,-19.2419,-1.14052,-0.273771,0.720708,0,-0.769175,0.582511,0.262775
-36.962,5.15475,-25.717,-2.05175,-0.797693,-3.5,0,0.0242511,0.14624,-0.988952
-38.053,7.42063,-20.6775,-1.98003,-0.22934,-3.5,0,-0.918833,0.367441,-0.143991
-37.3885,2.57075,-21.871,-0.241752,0,-3.5,0,-0.155941,-0.903466,0.39929
-31.909,6.25925,-18.4785,-1.20419,-0.337988,4.2,0,0.907975,-0.337822,-0.247908
-29.9465,5.90963,-15.5919,-1.18525,-0.317094,2.8,0,0.0521511,-0.84778,-0.527778
-28.3355,7.8155,-15.994,0.543358,0,2.8,0,0.713439,-0.108056,-0.692336
-29.7205,13.8704,-9.81175,0.0595238,0,2.8,0,0.18809,0.953313,0.236254
-33.3088,0.089,-25.7595,-0.339061,0,2.8,0,-0.808517,-0.331707,-0.486076
-35.2991,5.48488,-24.9459,-0.660005,0,-1.6725,0,0.123201,0.369402,-0.921067
-32.2277,11.6165,-13.2356,-0.0475443,0,2.8,0,-0.213012,0.88236,-0.419604
-31.1606,4.39725,-24.9526,0.178746,0,2.8,0,0.607317,0.789462,-0.088966
-33.3864,13.931,-15.6224,-0.0788107,0,3.8,0,0.497294,0.610052,0.616876
-33.5614,-0.189625,-23.4589,0.238182,0,2.8,0,-0.643043,-0.683322,0.345784
-29.4594,11.1119,-8.836,-0.323396,0,2.8,0,-0.00216775,-0.282254,0.959337
-30.8032,4.12838,-23.8184,0.434672,0,2.8,0,0.900117,0.40364,0.163903
-38.4296,2.73575,-24.9101,-2.01038,-0.706873,-3.5,0,-0.543096,-0.456159,-0.704958
-27.5505,10.0037,-11.8569,0.126181,0,2.8,0,0.977472,-0.131174,-0.165356
-30.4001,9.96975,-10.0147,-0.831328,0,2.8,0,-0.241786,-0.544896,0.802887
-34.356,2.51725,-25.5585,0.0322366,0,2.8,0,-0.599374,-0.181187,-0.779693
-33.8714,12.3455,-19.337,-0.103728,0,3.8,0,-0.254304,0.155782,-0.954495
-31.4526,12.8089,-9.24162,-0.119034,0,2.8,0,-0.335648,0.155327,0.929093
-36.8576,6.62994,-22.8808,-0.547974,0,-3.5,0,-0.305262,0.884644,-0.352448
-36.3814,2.55175,-22.9964,-0.672056,-0.0580267,-3.5,0,-0.0198346,-0.977635,0.20937
-35.5126,2.85831,-21.8513,0.609928,0,-2.3082,0,-0.0979347,-0.890926,0.443463
-35.7339,4.375,-15.6566,-0.054326,0,4.2,0,-0.194131,-0.297321,0.934833
-33.7366,10.5649,-19.0422,-0.0793472,0,3.8,0,-0.175136,-0.225041,-0.95848
-35.0672,1.96888,-24.0071,0.380253,0,2.8,0,-0.633168,-0.744695,-0.211017
-32.8838,3.38125,-20.0647,3.35062,0,3.07071,0,0.251066,-0.713609,0.654009
-37.8368,4.64888,-20.1166,0.0564787,0,-1.84197,0,-0.887211,-0.261044,0.380411
-29.9753,0.91875,-28.0006,-0.175779,0,2.8,0,0.276423,-0.0804021,-0.957667
-37.225,3.239,-25.2025,-1.78678,-0.519293,-3.5,0,0.00622092,-0.298258,-0.954465
-33.1389,9.53537,-13.1329,-0.17612,0,3.23324,0,-0.905515,-0.0908132,0.414483
-29.888,11.0943,-13.3785,-0.290728,0,2.8,0,0.195992,0.855158,-0.479887
-35.0072,5.055,-15.4029,-0.0734301,0,4.2,0,-0.0436342,-0.144222,0.988583
-35.4905,14.1044,-18.1201,-0.113515,0,3.8,0,-0.663765,0.598723,-0.44827
-28.8477,12.8519,-9.09894,0.0949538,0,2.8,0,0.515515,0.512817,0.686486
-31.5308,7.87694,-17.5099,-0.416472,-0.90259,4.18309,0,0.881913,-0.039587,-0.469747
-32.6924,-1.07506,-24.0378,0.0503814,0,2.8,0,-0.531702,-0.769309,0.354199
-30.8854,13.6896,-10.0821,-0.110076,0,2.8,0,-0.206192,0.930542,0.302616
-32.428,1.561,-26.773,-0.620806,0,2.8,0,-0.686141,-0.145011,-0.712869
-30.8283,6.92912,-16.2687,-0.200634,0,2.8,0,0.422097,-0.455731,-0.783673
-28.1165,10.7712,-12.4965,-0.23749,0,2.8,0,0.725754,0.380744,-0.572988
-35.0812,10.6815,-14.8962,-0.0138109,0,3.8,0,-0.644046,-0.00734838,0.764951
-35.2279,10.2924,-18.2763,-0.0234688,0,3.8,0,-0.743848,-0.228192,-0.628186
-34.73,8.94025,-18.7397,0.13773,0,4.12705,0,-0.384847,0.393834,-0.834738
-37.1974,7.01194,-21.9517,-0.906915,-0.134329,-3.5,0,-0.541387,0.678534,-0.496479
-32.7155,13.7087,-17.4539,-0.0646189,0,3.8,0,0.561638,0.825952,-0.0486401
-30.5946,13.4521,-11.3696,-0.248243,0,2.8,0,0.158635,0.858792,-0.487146
-35.9842,7.69275,-16.4499,0.481782,0.0631153,3.8,0,-0.745591,0.312871,0.588393
-32.186,9.76412,-18.8722,-0.0642568,0,3.8,0,0.514026,-0.306145,-0.801282
-32.7158,11.6141,-14.5883,0.0170831,0,3.8,0,0.151392,0.903737,0.400425
-32.5874,1.61775,-21.8443,3.42042,0,2.8,0,-0.102276,-0.79856,0.593163
-33.8403,7.53162,-19.6996,0.132457,0,4.2,0,0.27653,0.477385,-0.834047
-33.6115,6.24131,-24.8934,-1.50268,-0.3947,2.8,0,0.0880555,0.564396,-0.820794
-29.3687,9.97175,-15.7519,0.551663,0,2.8,0,0.623716,0.343346,-0.702205
-29.2877,-0.825906,-26.0458,-0.00637921,0,2.8,0,0.709808,-0.692902,0.126726
-30.9106,12.3861,-18.1878,-0.0305297,0,3.8,0,0.953104,0.242618,-0.180914
-34.3416,2.79425,-17.6411,0.147183,0,4.2,0,-0.0127514,-0.993972,-0.108889
-28.9514,7.7,-12.7461,0.0957325,0,2.8,0,0.652329,-0.583127,0.48418
-31.5981,13.3006,-18.302,-0.0741404,0,3.8,0,0.602174,0.792363,-0.09771
-31.5623,-0.851313,-23.6604,-0.0406814,0,2.8,0,0.10317,-0.592483,0.79895
-35.6426,3.15194,-17.4809,0.129414,0,4.2,0,-0.0482341,-0.995661,-0.0795761
-32.1504,-1.68475,-25.1079,0.0745786,0,2.8,0,-0.425477,-0.89973,0.0972343
-34.766,7.6565,-20.336,0.019167,0,1.40245,0,0.529712,0.762665,-0.371144
-39.0656,3.53837,-23.667,-1.92269,0,-3.5,0,-0.983783,-0.13308,-0.120251
-35.6919,3.117,-24.9081,-0.41861,0,1.61742,0,-0.0588798,-0.436083,-0.897978
-35.3845,7.1775,-22.7559,-0.214645,0,-3.5,0,0.0147747,0.947421,-0.31965
-32.058,5.6235,-15.9055,-0.222935,0,3.45563,0,0.661159,-0.699753,0.270583
-28.392,9.30562,-15.1433,0.421833,0,2.8,0,0.84153,0.369647,-0.393939
-32.4416,11.5309,-19.7247,-0.0878345,0,3.8,0,0.0785305,-0.199278,-0.976791
-32.2974,9.16525,-11.6806,-0.222274,0,2.8,0,-0.620563,-0.482177,0.618391
-33.3624,6.1575,-15.3821,-0.353885,-0.0110431,3.82116,0,0.0745687,-0.531714,0.843635
-32.0592,5.61462,-23.8118,0.129764,-0.00323923,2.8,0,0.700554,0.65801,-0.276127
-33.9416,9.74781,-14.5451,0.0655131,-0.00350148,3.8,0,-0.756828,-0.0643627,0.650438
-31.4685,9.441,-10.531,-0.468601,0,2.8,0,-0.372085,-0.602472,0.706102
-34.8121,12.7355,-18.9045,-0.110053,0,3.8,0,-0.459111,0.239109,-0.855595
-33.4406,10.8189,-13.7759,-0.0483913,0,2.85031,0,-0.728745,0.427756,0.534748
-35.8244,8.14494,-19.5646,-0.355562,-0.412578,-3.5,0,-0.0810541,0.975153,-0.206172
-31.0685,4.20662,-22.0487,4.07709,0,2.8,0,0.887331,0.376996,0.265552
-33.5784,6.02863,-21.1142,0.874709,0,3.07097,0,0.696773,0.716268,0.0383086
-36.9652,3.1215,-16.4504,-0.0557814,0,4.2,0,-0.243349,-0.784528,0.570348
-34.4882,12.1651,-15.2166,-0.0203461,0,3.8,0,-0.332779,0.338735,0.880066
-30.9247,10.6372,-17.5105,0.338793,0.421439,3.20657,0,0.880163,-0.178211,-0.439948
-35.7026,13.9052,-16.1362,-0.097619,0,3.8,0,-0.595884,0.608198,0.52442
-31.4551,3.29825,-20.6429,4.65984,0,2.8,0,0.760231,0.0639724,0.646495
-29.033,1.32275,-25.6192,-0.334717,0,2.8,0,0.891781,0.14048,0.430107
-27.341,11.2211,-11.0317,0.0484408,0,2.8,0,0.926825,0.286657,-0.242536
-30.0778,3.67637,-26.4107,-0.075953,0,2.8,0,0.486767,0.853046,-0.18807
-30.0929,1.49275,-24.7046,-0.677697,0,2.8,0,0.756546,0.0858268,0.648283
-30.4816,-1.7565,-25.9958,0.108133,0,2.8,0,0.204006,-0.962974,-0.176244
-33.1069,11.5626,-11.8721,0.0818122,0,2.8,0,-0.929961,0.339866,-0.140224
-36.8601,6.40403,-16.4711,0.0104816,0,4.2,0,-0.574367,0.496596,0.650765
-27.7817,10.2207,-9.78275,-0.0289631,0,2.8,0,0.642107,-0.52005,0.563246
-38.1651,5.784,-23.0802,-0.838815,0,-3.5,0,-0.689108,0.694924,-0.205452
-37.3271,3.71222,-19.1545,0.0823097,0,4.2,0,-0.713981,-0.681864,-0.159037
-32.1895,7.429,-13.3497,-0.869164,0,2.8,0,-0.38026,-0.780706,0.495883
-29.4505,11.8247,-12.2778,-0.557662,0,2.8,0,0.345875,0.711737,-0.611393
-30.8895,6.7975,-13.234,-0.571496,0,2.8,0,-0.438189,-0.762752,0.475605
-33.6,2.74714,-21.1958,9.3198,0,2.8,0,-0.223725,-0.83088,0.509495
