protein_id,split
1A0G_B,train
1A0H_D,train
1A22_A,train
1A2K_AB,train
1A6J_B,train
1A79_C,train
1AA7_A,train
1ACB_I,train
1AIH_D,train
1ARZ_C,train
1AVA_C,train
1AVO_K,train
1AVO_L,train
1AY7_A,train
1AZS_AB,train
1B0N_A,train
1B27_A,train
1B27_D,train
1B35_B,train
1B35_C,train
1B4U_C,train
1B65_D,train
1B6C_B,train
1B9L_D,train
1B9M_A,train
1B9Y_C,train
1BBH_A,train
1BC5_A,train
1BCP_H,train
1BCP_L,train
1BCR_A,train
1BCR_B,train
1BDF_D,train
1BIH_A,train
1BJA_A,train
1BO4_A,train
1BPL_A,train
1BVN_T,train
1BVP_2,train
1C3X_A,train
1C8N_C,train
1C8O_A,train
1C8U_B,train
1CGI_I,train
1CLI_A,train
1CMV_B,train
1CN4_B,train
1CQ3_B,train
1CQI_B,train
1D2Z_A,train
1D2Z_B,train
1D8H_A,train
1D9E_B,train
1DB2_A,train
1DBQ_B,train
1DBW_B,train
1DHK_B,train
1DJ8_B,train
1DK4_A,train
1DLE_A,train
1DLT_A,train
1DM9_B,train
1DML_A,train
1DNW_B,train
1DPJ_A,train
1DQN_A,train
1DS8_L,train
1DXX_C,train
1E3U_A,train
1E44_A,train
1E4K_C,train
1E6E_B,train
1E96_B,train
1EAI_C,train
1EBO_F,train
1EER_A,train
1EEX_G,train
1EF1_D,train
1EFV_B,train
1EI1_B,train
1EK6_A,train
1EL6_A,train
1EM8_A,train
1EM8_B,train
1EMU_A,train
1ETE_C,train
1EWJ_D,train
1EWY_C,train
1EXB_ABDC,train
1EZI_A,train
1EZU_AB,train
1F15_B,train
1F34_B,train
1F36_A,train
1F37_B,train
1F3M_B,train
1F3M_D,train
1F3R_B,train
1F3U_G,train
1F3U_H,train
1F3V_A,train
1F51_AB,train
1F51_E,train
1F5M_B,train
1F5Z_C,train
1F8Y_B,train
1FAK_HL,train
1FB1_A,train
1FBV_A,train
1FBV_C,train
1FCD_D,train
1FFW_A,train
1FJ1_E,train
1FK8_A,train
1FLC_F,train
1FNE_C,train
1FNE_D,train
1FOD_1,train
1FOD_2,train
1FQ1_A,train
1FS0_E,train
1FS0_G,train
1FSK_A,train
1FU5_A,train
1FYH_A,train
1FYH_B,train
1FZ0_E,train
1G0S_B,train
1G0U_Z,train
1G31_C,train
1G5G_F,train
1G5H_A,train
1G60_A,train
1G64_B,train
1G6W_D,train
1G8K_B,train
1G8Y_G,train
1GCQ_C,train
1GGP_B,train
1GK0_C,train
1GK9_A,train
1GLA_F,train
1GMW_D,train
1GO4_H,train
1GPQ_B,train
1GPW_A,train
1GQA_A,train
1GQG_B,train
1GRC_A,train
1GRI_A,train
1GRN_B,train
1GT7_P,train
1GU9_H,train
1GUQ_A,train
1GUS_C,train
1GVM_F,train
1GX7_D,train
1GXD_C,train
1GXJ_B,train
1GYY_A,train
1GZS_B,train
1H0D_C,train
1H0H_L,train
1H21_C,train
1H2I_P,train
1H2S_A,train
1H2S_B,train
1H2U_Y,train
1H3L_B,train
1H6W_A,train
1H74_A,train
1H9D_A,train
1H9D_B,train
1HAA_A,train
1HCF_AB,train
1HE1_B,train
1HI9_D,train
1HJR_D,train
1HKQ_A,train
1HN2_A,train
1HXM_C,train
1HXM_D,train
1HYR_A,train
1I1A_A,train
1I1D_C,train
1I4D_AB,train
1I4E_A,train
1I50_J,train
1I78_A,train
1I7Q_D,train
1I8L_A,train
1IAH_B,train
1IAR_A,train
1IAR_B,train
1IB1_E,train
1ICF_I,train
1IGU_B,train
1II8_A,train
1II8_B,train
1IJF_B,train
1IJK_BC,train
1IJL_B,train
1IJX_E,train
1IK9_A,train
1INN_A,train
1IQ6_B,train
1IR2_7,train
1IRA_X,train
1IRA_Y,train
1IS7_R,train
1IWA_F,train
1J1D_C,train
1J2U_A,train
1J2W_B,train
1J3K_B,train
1J3L_A,train
1J3R_A,train
1J4U_B,train
1J7D_A,train
1J7V_L,train
1J9I_A,train
1JAY_A,train
1JD6_A,train
1JFM_E,train
1JIW_I,train
1JK9_B,train
1JK9_C,train
1JKG_A,train
1JKG_B,train
1JMA_A,train
1JMA_B,train
1JMT_A,train
1JMV_A,train
1JN9_C,train
1JNB_F,train
1JNP_A,train
1JNZ_B,train
1JPY_Y,train
1JSU_C,train
1JWH_A,train
1JWH_CD,train
1JX7_E,train
1JYI_A,train
1JYO_D,train
1JYO_E,train
1JZD_AB,train
1JZD_C,train
1JZT_A,train
1K0Z_B,train
1K2E_A,train
1K3S_A,train
1K4R_C,train
1K50_B,train
1K5D_AB,train
1K5D_C,train
1K66_B,train
1K74_AB,train
1K74_DE,train
1KBQ_A,train
1KCA_G,train
1KCF_A,train
1KI9_C,train
1KIG_I,train
1KJN_B,train
1KKL_ABC,train
1KKL_H,train
1KM1_A,train
1KNX_E,train
1KNY_A,train
1KTK_B,train
1KTZ_B,train
1KVE_C,train
1KVE_D,train
1KXJ_A,train
1KY6_A,train
1L0A_A,train
1L2W_C,train
1L2W_J,train
1L4Z_B,train
1L5X_B,train
1L8C_B,train
1L8D_A,train
1L8L_A,train
1LBH_A,train
1LFD_C,train
1LHR_B,train
1LI1_D,train
1LJ2_B,train
1LK5_A,train
1LKY_D,train
1LM7_A,train
1LQS_L,train
1LQW_A,train
1LSS_B,train
1LT7_B,train
1LUA_C,train
1LUC_A,train
1LWI_A,train
1LX5_B,train
1LZW_B,train
1M1E_B,train
1M1F_A,train
1M27_AB,train
1M7E_C,train
1M7U_A,train
1MAH_F,train
1MD0_A,train
1MHP_B,train
1MKM_B,train
1MOE_A,train
1MPS_H,train
1MPS_M,train
1MR1_D,train
1MR9_B,train
1MW5_A,train
1MWQ_A,train
1MZW_A,train
1N0E_A,train
1N0L_C,train
1N0L_D,train
1N1C_A,train
1N1E_A,train
1N2M_E,train
1N4M_B,train
1N80_D,train
1N9J_B,train
1N9S_F,train
1NA1_A,train
1NA6_B,train
1NBA_C,train
1NF3_A,train
1NF3_C,train
1NFV_H,train
1NHW_B,train
1NHW_D,train
1NKI_B,train
1NKQ_E,train
1NKV_A,train
1NLN_A,train
1NN4_C,train
1NOV_A,train
1NP3_C,train
1NP6_B,train
1NPO_A,train
1NPP_A,train
1NSN_S,train
1NT2_B,train
1NU9_C,train
1NVI_D,train
1NVI_E,train
1NVM_A,train
1NWW_B,train
1NZ0_A,train
1O1N_A,train
1O28_A,train
1O63_A,train
1O94_C,train
1O94_D,train
1O9I_A,train
1O9Y_D,train
1OA8_A,train
1OB8_B,train
1OCZ_R,train
1OEY_A,train
1OEY_J,train
1OFU_A,train
1OFU_Y,train
1OG6_C,train
1OIA_A,train
1OJH_D,train
1OLP_C,train
1OMO_B,train
1OOQ_A,train
1OPH_A,train
1OQ1_D,train
1OQB_D,train
1OQC_D,train
1OQJ_A,train
1OR6_A,train
1OR7_A,train
1OR7_C,train
1ORQ_C,train
1ORY_A,train
1OSG_F,train
1OSM_C,train
1OTW_A,train
1OW4_A,train
1OX9_D,train
1OY1_A,train
1OY5_C,train
1OYV_I,train
1P27_A,train
1P27_B,train
1P32_A,train
1P3H_H,train
1P4O_B,train
1P4Q_A,train
1P4Q_B,train
1P69_A,train
1P7G_J,train
1P8C_E,train
1P9O_B,train
1PB0_A,train
1PBI_B,train
1PC6_A,train
1PCF_F,train
1PIV_3,train
1PK1_A,train
1PK1_B,train
1PM3_A,train
1PNB_B,train
1POI_D,train
1PQZ_A,train
1PUG_C,train
1PUI_A,train
1PVH_A,train
1PXV_B,train
1PXV_D,train
1PYA_F,train
1PYT_A,train
1PZM_B,train
1PZR_A,train
1Q05_B,train
1Q0K_K,train
1Q23_H,train
1Q2H_A,train
1Q40_C,train
1Q40_D,train
1Q5H_B,train
1Q6I_B,train
1Q74_A,train
1Q7L_C,train
1Q7L_D,train
1Q8M_A,train
1Q9U_B,train
1QA9_A,train
1QA9_B,train
1QAV_B,train
1QB3_A,train
1QCB_H,train
1QD6_D,train
1QE6_D,train
1QEX_B,train
1QFH_B,train
1QG7_B,train
1QHH_A,train
1QHH_B,train
1QIP_D,train
1QJG_E,train
1QL0_A,train
1QOL_G,train
1QQ5_B,train
1QS4_B,train
1QSO_B,train
1QXN_B,train
1QXO_D,train
1QYN_A,train
1R15_E,train
1R1U_A,train
1R30_B,train
1R4A_H,train
1R52_C,train
1R5I_D,train
1R5X_A,train
1R6Q_C,train
1R7H_B,train
1R7I_B,train
1R8O_B,train
1R8S_E,train
1RDF_B,train
1RF8_A,train
1RF8_B,train
1RFZ_A,train
1RHG_A,train
1RHZ_B,train
1RK4_A,train
1RKE_A,train
1RLB_ABCD,train
1RLB_E,train
1RLI_C,train
1RO7_C,train
1RPN_D,train
1RV6_VW,train
1RY7_A,train
1RY7_B,train
1S1Q_A,train
1S28_C,train
1S3N_A,train
1S3Z_A,train
1S4C_B,train
1S4K_A,train
1S59_C,train
1S7M_A,train
1SBB_B,train
1SFK_A,train
1SFX_A,train
1SG2_C,train
1SG4_B,train
1SGJ_A,train
1SHS_E,train
1SHZ_C,train
1SIE_B,train
1SKV_A,train
1SLQ_E,train
1SOT_A,train
1SP8_D,train
1SPB_P,train
1SPI_A,train
1SPP_B,train
1SQ7_B,train
1SQB_D,train
1SQE_B,train
1SQX_I,train
1SR4_A,train
1SS4_A,train
1STM_D,train
1STZ_A,train
1SU1_A,train
1SUS_C,train
1SV0_C,train
1SWJ_B,train
1SY6_A,train
1SYX_A,train
1SYX_B,train
1SZH_A,train
1T0B_C,train
1T0F_A,train
1T0P_B,train
1T0R_C,train
1T1V_A,train
1T33_A,train
1T3L_A,train
1T3U_B,train
1T3W_B,train
1T62_B,train
1T6B_Y,train
1T6S_A,train
1T70_C,train
1T8Q_B,train
1T9G_C,train
1TA3_B,train
1TBA_A,train
1TBX_A,train
1TDQ_A,train
1TDT_A,train
1TE1_A,train
1TE1_B,train
1TE2_A,train
1TH1_C,train
1TH7_H,train
1THN_C,train
1TIJ_A,train
1TJO_A,train
1TKV_B,train
1TLH_B,train
1TLJ_A,train
1TMQ_B,train
1TMX_A,train
1TOA_A,train
1TQ8_D,train
1TU1_B,train
1TUE_Q,train
1TY4_A,train
1TY9_B,train
1U07_A,train
1U0S_A,train
1U20_A,train
1U2E_C,train
1U2V_G,train
1U4F_D,train
1U5U_A,train
1U5W_E,train
1U69_B,train
1U6G_B,train
1U6J_G,train
1U7H_A,train
1U7I_A,train
1U7Z_B,train
1U8S_B,train
1UAD_C,train
1UAN_A,train
1UD0_A,train
1UDI_I,train
1UFO_C,train
1UHE_A,train
1UI5_B,train
1UIJ_A,train
1UJ3_C,train
1UK4_A,train
1UL1_A,train
1ULG_D,train
1UNN_C,train
1UR6_B,train
1USV_B,train
1USY_A,train
1UT4_B,train
1UUN_A,train
1V1H_E,train
1V54_Q,train
1V5X_A,train
1V8D_A,train
1V8H_B,train
1V8P_G,train
1VB5_B,train
1VCB_F,train
1VCH_D,train
1VDD_A,train
1VEA_B,train
1VET_A,train
1VEU_B,train
1VG0_B,train
1VGL_D,train
1VGO_B,train
1VH0_B,train
1VH5_B,train
1VH6_B,train
1VHZ_A,train
1VJL_A,train
1VJQ_A,train
1VKM_B,train
1VMD_A,train
1VP2_A,train
1VR7_A,train
1VR9_A,train
1VRB_B,train
1VS3_A,train
1VSG_A,train
1VSQ_B,train
1VYH_M,train
1VZY_A,train
1W1I_E,train
1W39_C,train
1W3B_A,train
1W3Z_A,train
1W6U_C,train
1W9A_B,train
1W9Z_B,train
1WB4_A,train
1WD6_A,train
1WDJ_A,train
1WDW_A,train
1WDX_C,train
1WDZ_A,train
1WEK_D,train
1WKQ_A,train
1WLI_B,train
1WLP_B,train
1WMI_A,train
1WMI_B,train
1WN1_A,train
1WOQ_B,train
1WOV_A,train
1WP7_A,train
1WPX_B,train
1WQ1_G,train
1WRD_A,train
1WRS_R,train
1WSC_A,train
1WTU_B,train
1WWP_B,train
1WWR_B,train
1WX0_D,train
1WYW_A,train
1WYZ_D,train
1WZ3_B,train
1WZ7_B,train
1X2H_C,train
1X8D_A,train
1X9A_B,train
1XCR_B,train
1XD3_A,train
1XD9_A,train
1XDK_F,train
1XEB_A,train
1XF6_B,train
1XF6_D,train
1XFS_A,train
1XG2_B,train
1XG5_C,train
1XHN_A,train
1XIW_F,train
1XJ7_A,train
1XKP_A,train
1XKP_B,train
1XKP_C,train
1XL3_D,train
1XLY_A,train
1XM3_B,train
1XOU_A,train
1XOU_B,train
1XPJ_A,train
1XQH_A,train
1XR0_B,train
1XSQ_B,train
1XT9_A,train
1XTG_B,train
1XTT_C,train
1XUA_B,train
1XUV_A,train
1XV2_A,train
1XWD_A,train
1XX7_B,train
1XY7_B,train
1XZ8_A,train
1Y0B_D,train
1Y0G_B,train
1Y0H_A,train
1Y0U_A,train
1Y10_A,train
1Y1A_B,train
1Y1O_A,train
1Y23_D,train
1Y2I_E,train
1Y43_B,train
1Y4M_A,train
1Y4Z_C,train
1Y60_D,train
1Y6K_R,train
1Y7R_B,train
1Y82_A,train
1Y8N_A,train
1Y8N_B,train
1Y8T_A,train
1Y96_A,train
1YAF_A,train
1YAU_Q,train
1YAV_B,train
1YC6_E,train
1YCS_B,train
1YD8_H,train
1YDG_E,train
1YEW_I,train
1YEW_J,train
1YF9_B,train
1YJ7_D,train
1YJD_C,train
1YKE_C,train
1YKE_D,train
1YLM_B,train
1YLQ_A,train
1YLX_A,train
1YNJ_K,train
1YNT_G,train
1YOX_C,train
1YQF_F,train
1YRB_B,train
1YUM_D,train
1YV1_B,train
1YWK_A,train
1YYV_A,train
1Z0K_B,train
1Z2X_A,train
1Z3G_A,train
1Z5Y_E,train
1Z69_C,train
1Z6O_B,train
1Z6O_M,train
1Z7M_B,train
1Z7U_A,train
1Z8K_A,train
1Z94_C,train
1ZBX_A,train
1ZC4_D,train
1ZDN_A,train
1ZFN_A,train
1ZHI_B,train
1ZKE_F,train
1ZKP_B,train
1ZM4_B,train
1ZN7_B,train
1ZNP_B,train
1ZOQ_B,train
1ZPQ_D,train
1ZPS_B,train
1ZTX_E,train
1ZUD_4,train
1ZXM_B,train
1ZXZ_A,train
1ZY4_A,train
1ZY7_A,train
2A0S_B,train
2A19_A,train
2A1F_C,train
2A1S_D,train
2A2J_A,train
2A2L_B,train
2A2O_E,train
2A40_E,train
2A4W_B,train
2A5D_B,train
2A5T_B,train
2A5Z_C,train
2A61_C,train
2A67_D,train
2A6A_A,train
2A6P_B,train
2A6Q_F,train
2A78_B,train
2A7K_H,train
2A7U_B,train
2A7W_J,train
2A9S_A,train
2ABZ_E,train
2ACM_A,train
2ADF_A,train
2ADL_A,train
2AE8_E,train
2AF6_B,train
2AFF_A,train
2AHM_B,train
2AHM_F,train
2ANU_A,train
2AO9_A,train
2AP6_B,train
2AQX_A,train
2ARJ_Q,train
2ARK_D,train
2ARP_F,train
2ASS_A,train
2AST_B,train
2AVU_D,train
2AVU_F,train
2AW2_A,train
2AXW_B,train
2AZE_A,train
2AZE_B,train
2B2K_B,train
2B3D_A,train
2B3S_A,train
2B4J_C,train
2B5F_A,train
2B5L_C,train
2B81_B,train
2B8W_B,train
2B99_B,train
2B9Z_B,train
2BA0_B,train
2BAY_E,train
2BE1_A,train
2BEX_D,train
2BGC_F,train
2BGW_A,train
2BM8_H,train
2BOL_A,train
2BQZ_A,train
2BSJ_A,train
2BTF_P,train
2BUJ_A,train
2BYC_A,train
2BYK_A,train
2BYK_B,train
2BZN_H,train
2C0L_B,train
2C1L_A,train
2C1W_B,train
2C2I_A,train
2C2L_D,train
2C2X_A,train
2C35_D,train
2C37_T,train
2C41_H,train
2C57_A,train
2C5J_B,train
2C7M_A,train
2C9P_A,train
2C9T_F,train
2CAY_A,train
2CB2_B,train
2CH8_A,train
2CJR_A,train
2CJS_A,train
2CJS_C,train
2CLB_A,train
2CLY_D,train
2CLY_E,train
2CN4_A,train
2CO5_B,train
2CO6_A,train
2CO6_B,train
2CS7_A,train
2CT9_B,train
2CW6_C,train
2CWO_B,train
2CZV_B,train
2CZV_D,train
2D00_F,train
2D13_B,train
2D1P_G,train
2D2A_A,train
2D42_B,train
2D4C_B,train
2D4U_A,train
2D8D_B,train
2DB4_B,train
2DB7_A,train
2DCN_G,train
2DD4_C,train
2DD5_J,train
2DDK_A,train
2DDM_B,train
2DDZ_B,train
2DE5_E,train
2DI3_A,train
2DJF_A,train
2DLB_B,train
2DM9_B,train
2DOI_X,train
2DPF_D,train
2DPP_B,train
2DSP_B,train
2DT5_B,train
2DUM_C,train
2DUP_A,train
2DVT_A,train
2DWN_C,train
2DX7_B,train
2DXB_H,train
2DYM_G,train
2E0N_B,train
2E1M_A,train
2E1M_B,train
2E1M_C,train
2E2K_C,train
2E4M_A,train
2E4M_C,train
2E6F_A,train
2E7S_G,train
2E85_B,train
2E9D_A,train
2E9X_E,train
2E9X_G,train
2EAY_B,train
2EBY_A,train
2ED6_G,train
2EF7_A,train
2EF8_A,train
2EFD_A,train
2EIL_F,train
2EJ0_B,train
2EJG_B,train
2EJG_D,train
2EJN_A,train
2EK5_A,train
2EKD_C,train
2EKY_B,train
2EQ5_A,train
2ERJ_A,train
2ERJ_G,train
2ERJ_H,train
2ES4_A,train
2ES4_E,train
2ETE_A,train
2EVV_C,train
2EWN_A,train
2F07_A,train
2F08_C,train
2F1V_B,train
2F22_B,train
2F2A_C,train
2F2E_A,train
2F2F_B,train
2F2F_C,train
2F2T_A,train
2F3T_F,train
2F4E_A,train
2F4L_C,train
2F4M_B,train
2F4P_A,train
2F5I_B,train
2F6L_A,train
2F6U_A,train
2F8B_A,train
2F9I_C,train
2F9I_D,train
2F9W_B,train
2F9Z_A,train
2F9Z_C,train
2FBE_C,train
2FBK_B,train
2FDB_M,train
2FDO_A,train
2FEL_F,train
2FEW_A,train
2FEW_B,train
2FG6_E,train
2FG8_D,train
2FHJ_A,train
2FHX_B,train
2FJC_H,train
2FKB_C,train
2FKD_G,train
2FKW_O,train
2FLF_F,train
2FMY_C,train
2FNP_A,train
2FPE_B,train
2FPW_B,train
2FQM_E,train
2FS5_B,train
2FSY_E,train
2FTX_A,train
2FTX_B,train
2FU5_A,train
2FUR_A,train
2FXA_B,train
2FYI_A,train
2FZV_B,train
2G2U_A,train
2G2U_B,train
2G38_C,train
2G38_D,train
2G3K_D,train
2G3O_C,train
2G42_A,train
2G45_A,train
2G5C_B,train
2G76_A,train
2G77_A,train
2G84_A,train
2G9W_B,train
2GA0_C,train
2GAF_A,train
2GAN_A,train
2GEC_B,train
2GED_A,train
2GEF_B,train
2GHW_C,train
2GIA_B,train
2GIA_G,train
2GJ3_B,train
2GJV_D,train
2GL0_B,train
2GLZ_A,train
2GM3_D,train
2GMY_B,train
2GN8_B,train
2GO7_A,train
2GQS_B,train
2GS9_A,train
2GSV_B,train
2GT2_A,train
2GTY_B,train
2GUH_A,train
2GUZ_I,train
2GUZ_J,train
2GV5_C,train
2GXF_A,train
2GYQ_A,train
2GZ4_A,train
2H19_A,train
2H1T_A,train
2H3H_A,train
2H4O_B,train
2H5N_A,train
2H6B_A,train
2H6L_C,train
2H7V_C,train
2H9B_B,train
2H9E_C,train
2H9G_R,train
2HA9_B,train
2HAY_D,train
2HBV_A,train
2HCR_B,train
2HD0_I,train
2HDW_A,train
2HEG_A,train
2HEK_A,train
2HET_A,train
2HEY_G,train
2HFJ_A,train
2HIN_A,train
2HJ1_B,train
2HJ9_C,train
2HL3_A,train
2HLE_A,train
2HLZ_D,train
2HQL_A,train
2HRK_A,train
2HRK_B,train
2HRV_A,train
2HSN_A,train
2HTB_D,train
2HTH_B,train
2HU2_A,train
2HVW_B,train
2HWJ_A,train
2HWW_A,train
2HXI_B,train
2HXO_B,train
2HZB_A,train
2HZM_G,train
2HZS_F,train
2I04_A,train
2I0B_B,train
2I10_B,train
2I14_C,train
2I15_A,train
2I1A_D,train
2I2O_A,train
2I2R_D,train
2I33_A,train
2I5B_A,train
2I5G_A,train
2I79_B,train
2I7R_B,train
2I8D_A,train
2I9F_D,train
2I9L_L,train
2IA2_A,train
2IA9_B,train
2IAB_A,train
2IAZ_B,train
2IBD_A,train
2IBG_B,train
2IDE_C,train
2IDO_A,train
2IDO_B,train
2IGA_A,train
2IHS_A,train
2IHW_A,train
2IJ0_B,train
2IMH_A,train
2INP_C,train
2INU_C,train
2IOU_D,train
2IPH_A,train
2ISJ_C,train
2IU9_A,train
2IUO_I,train
2IV9_A,train
2IW5_B,train
2IWP_B,train
2IX2_B,train
2IY1_A,train
2IYB_A,train
2IZ5_B,train
2IZZ_B,train
2J0Q_I,train
2J28_Q,train
2J28_R,train
2J4E_F,train
2J4L_F,train
2J59_M,train
2J6R_A,train
2J6Y_A,train
2J7P_A,train
2J7P_D,train
2J7Q_C,train
2J88_A,train
2JAQ_A,train
2JCD_A,train
2JG8_D,train
2JGZ_B,train
2JI1_D,train
2JJ7_B,train
2JJS_B,train
2JKI_S,train
2JL4_B,train
2JLM_D,train
2JOD_A,train
2JW1_A,train
2JZ0_A,train
2K2S_A,train
2K2S_B,train
2K42_A,train
2K7I_B,train
2K7L_A,train
2KA4_B,train
2KHM_B,train
2KLH_B,train
2KSP_A,train
2L0I_A,train
2L0T_B,train
2L14_A,train
2L1C_A,train
2L9S_B,train
2LAG_A,train
2LAG_B,train
2LBU_D,train
2LD7_A,train
2LD7_B,train
2LFH_B,train
2LFS_A,train
2LFW_A,train
2LFW_B,train
2LKM_B,train
2LOX_A,train
2LP4_A,train
2LPB_A,train
2LQH_B,train
2LUH_A,train
2LUH_B,train
2LVO_C,train
2LXM_A,train
2LY4_A,train
2M0G_A,train
2M5B_A,train
2MEV_1,train
2MJ5_B,train
2MP0_A,train
2MTA_A,train
2MV7_A,train
2MWS_B,train
2N01_B,train
2N1D_A,train
2N2H_B,train
2N73_A,train
2N73_B,train
2NBV_A,train
2NBV_B,train
2NN3_D,train
2NNN_B,train
2NNW_B,train
2NP5_B,train
2NR5_C,train
2NUD_B,train
2NUU_L,train
2NUX_B,train
2NV2_V,train
2NV4_A,train
2NVM_B,train
2NX4_A,train
2NXM_B,train
2NXN_B,train
2NYI_A,train
2NYX_D,train
2NYZ_AB,train
2NZ7_B,train
2O0Y_C,train
2O20_B,train
2O38_B,train
2O3A_B,train
2O3B_A,train
2O3B_B,train
2O42_A,train
2O4M_B,train
2O74_F,train
2O8G_J,train
2O8Q_B,train
2O8V_A,train
2O95_A,train
2O9A_C,train
2OB9_A,train
2OCF_A,train
2OD6_A,train
2ODM_B,train
2OFY_A,train
2OGF_D,train
2OGX_B,train
2OH1_D,train
2OIE_C,train
2OKF_A,train
2OKI_A,train
2OKQ_A,train
2OKU_A,train
2OL5_B,train
2OMX_B,train
2OND_A,train
2OOJ_B,train
2OOR_C,train
2OPD_B,train
2OPI_B,train
2OQ2_B,train
2OQM_A,train
2OR0_B,train
2OS5_D,train
2OS9_B,train
2OSZ_C,train
2OT3_A,train
2OTP_B,train
2OTX_A,train
2OU5_B,train
2OUL_A,train
2OUW_B,train
2OV9_C,train
2OVI_A,train
2OX7_A,train
2OYA_A,train
2OYY_A,train
2OZ4_A,train
2OZA_A,train
2OZN_A,train
2OZN_B,train
2P04_A,train
2P06_B,train
2P0S_A,train
2P10_B,train
2P1J_B,train
2P22_A,train
2P22_C,train
2P2C_L,train
2P35_A,train
2P4W_B,train
2P4Z_B,train
2P5R_A,train
2P5X_A,train
2P62_A,train
2P6I_B,train
2P8I_A,train
2P9L_D,train
2P9L_F,train
2PC6_C,train
2PCC_A,train
2PCC_B,train
2PD1_D,train
2PDO_D,train
2PF4_E,train
2PG1_G,train
2PG4_A,train
2PGC_D,train
2PHD_A,train
2PHN_B,train
2PIF_B,train
2PIH_B,train
2PJS_A,train
2PJU_D,train
2PJW_H,train
2PJW_V,train
2PLA_A,train
2PLG_A,train
2PLR_A,train
2PM7_C,train
2PMS_C,train
2PMV_A,train
2PNH_A,train
2PO2_B,train
2PPY_F,train
2PQA_A,train
2PQA_B,train
2PQN_A,train
2PQV_B,train
2PRO_B,train
2PRU_B,train
2PTF_B,train
2PTT_A,train
2PTT_B,train
2PUK_E,train
2PUL_A,train
2PV2_C,train
2PV7_B,train
2PZD_B,train
2PZH_A,train
2PZK_A,train
2Q03_A,train
2Q05_A,train
2Q0O_B,train
2Q0O_C,train
2Q0T_A,train
2Q0X_A,train
2Q17_B,train
2Q3F_A,train
2Q5E_E,train
2Q73_A,train
2Q7F_B,train
2Q7N_B,train
2Q81_A,train
2Q87_C,train
2Q97_T,train
2QA7_C,train
2QAZ_C,train
2QBW_A,train
2QD0_B,train
2QE9_A,train
2QFA_A,train
2QFA_B,train
2QGQ_G,train
2QGX_C,train
2QH1_B,train
2QH9_A,train
2QIW_A,train
2QIY_B,train
2QJA_D,train
2QJV_B,train
2QJW_A,train
2QKM_E,train
2QKM_F,train
2QKO_B,train
2QKP_A,train
2QL2_A,train
2QL2_B,train
2QL3_J,train
2QLC_C,train
2QLP_A,train
2QLZ_B,train
2QNF_A,train
2QNU_B,train
2QQ1_A,train
2QQZ_A,train
2QRD_B,train
2QRD_G,train
2QRE_A,train
2QTQ_A,train
2QV0_B,train
2QV6_A,train
2QW7_H,train
2QYI_D,train
2QYP_B,train
2R19_B,train
2R1F_B,train
2R25_A,train
2R2C_A,train
2R47_B,train
2R4I_A,train
2R56_A,train
2R5O_A,train
2R6A_C,train
2R6O_A,train
2R6U_D,train
2R78_C,train
2R9E_A,train
2RA6_C,train
2RAF_B,train
2RAS_B,train
2RB9_D,train
2RBB_A,train
2RBD_A,train
2RCC_A,train
2RD7_A,train
2RD7_C,train
2RD9_A,train
2RDC_B,train
2RDM_C,train
2RG7_B,train
2RGN_B,train
2RH0_A,train
2RHK_C,train
2RHS_C,train
2RJZ_A,train
2RK0_A,train
2RK9_B,train
2RL7_D,train
2RP4_C,train
2RVB_B,train
2SPC_A,train
2UTG_B,train
2UUY_B,train
2UV1_B,train
2UVP_B,train
2UX9_F,train
2UZ3_C,train
2UZC_A,train
2V0O_A,train
2V0R_A,train
2V0X_B,train
2V3B_B,train
2V4I_G,train
2V4I_H,train
2V57_B,train
2V5H_D,train
2V5Q_A,train
2V6B_C,train
2V8S_V,train
2V8U_B,train
2V92_B,train
2VAX_G,train
2VDB_B,train
2VDW_E,train
2VDW_F,train
2VE6_A,train
2VE7_B,train
2VE7_D,train
2VEE_A,train
2VEF_A,train
2VER_A,train
2VFX_C,train
2VGL_S,train
2VIF_A,train
2VJF_C,train
2VKO_A,train
2VLG_D,train
2VLQ_B,train
2VMB_A,train
2VOH_A,train
2VPV_A,train
2VQA_A,train
2VRC_B,train
2VRN_B,train
2VSG_A,train
2VT3_B,train
2VUB_A,train
2VUC_B,train
2VVX_A,train
2VX8_B,train
2VXB_A,train
2VXQ_A,train
2VZD_A,train
2W01_A,train
2W0C_C,train
2W1T_A,train
2W2B_B,train
2W2U_B,train
2W2W_A,train
2W4L_E,train
2W4S_C,train
2W69_A,train
2W6H_G,train
2W6H_H,train
2W80_D,train
2W84_A,train
2W8B_H,train
2W8M_B,train
2W9S_D,train
2WAM_A,train
2WB1_S,train
2WBT_A,train
2WD5_A,train
2WD5_B,train
2WFF_1,train
2WFF_3,train
2WFL_A,train
2WG3_A,train
2WG5_B,train
2WH6_A,train
2WIU_D,train
2WIV_B,train
2WJ0_A,train
2WJ8_D,train
2WJV_D,train
2WKW_A,train
2WL8_A,train
2WLG_C,train
2WMM_A,train
2WO3_B,train
2WQ4_A,train
2WQZ_D,train
2WSU_B,train
2WTE_A,train
2WTH_B,train
2WUK_A,train
2WUS_R,train
2WVE_B,train
2WWB_B,train
2WWK_O,train
2WWK_T,train
2WY3_B,train
2WY8_Q,train
2WYE_A,train
2WZP_B,train
2X0G_A,train
2X17_L,train
2X1X_E,train
2X1X_R,train
2X36_C,train
2X3B_A,train
2X3F_B,train
2X3Y_E,train
2X4I_A,train
2X53_W,train
2X5H_D,train
2X5Q_A,train
2X6T_B,train
2X7X_A,train
2X8K_B,train
2X9A_A,train
2X9A_D,train
2X9Q_A,train
2XCM_F,train
2XED_A,train
2XFG_B,train
2XFV_A,train
2XGF_C,train
2XGY_A,train
2XIU_A,train
2XPP_A,train
2XQN_T,train
2XRA_A,train
2XRN_B,train
2XSC_E,train
2XSN_B,train
2XSO_H,train
2XTS_C,train
2XUM_A,train
2XVC_A,train
2XVT_F,train
2XWG_B,train
2XWQ_C,train
2XWX_A,train
2XYK_B,train
2XYR_A,train
2XYR_B,train
2XZ9_A,train
2XZE_B,train
2Y1H_B,train
2Y32_B,train
2Y3D_A,train
2Y3M_B,train
2Y79_A,train
2Y7R_G,train
2Y8Q_A,train
2Y8T_D,train
2Y96_A,train
2Y9M_B,train
2Y9X_B,train
2Y9X_F,train
2YC2_A,train
2YC2_D,train
2YF3_D,train
2YGD_D,train
2YGG_A,train
2YH9_C,train
2YIL_C,train
2YJE_M,train
2YJN_B,train
2YLE_A,train
2YM9_C,train
2YVE_A,train
2YVL_B,train
2YVS_B,train
2YWM_A,train
2YXO_B,train
2YY7_A,train
2YYS_A,train
2YYV_B,train
2YZE_C,train
2YZJ_A,train
2YZR_B,train
2YZS_B,train
2Z0E_A,train
2Z0L_H,train
2Z0P_D,train
2Z0T_C,train
2Z29_A,train
2Z2L_A,train
2Z2L_B,train
2Z2M_C,train
2Z2R_A,train
2Z2S_A,train
2Z2S_B,train
2Z3F_E,train
2Z3J_A,train
2Z3N_B,train
2Z3Q_B,train
2Z3R_G,train
2Z58_B,train
2Z5C_D,train
2Z5C_E,train
2Z6E_D,train
2Z6J_B,train
2Z7E_A,train
2Z8I_C,train
2Z8I_D,train
2Z8M_B,train
2Z9O_A,train
2ZAE_C,train
2ZAE_D,train
2ZB9_A,train
2ZBC_F,train
2ZC6_D,train
2ZCN_A,train
2ZEJ_B,train
2ZET_C,train
2ZF3_A,train
2ZFD_A,train
2ZFD_B,train
2ZFW_E,train
2ZG6_B,train
2ZGI_D,train
2ZIH_A,train
2ZJD_C,train
2ZME_A,train
2ZME_B,train
2ZME_C,train
2ZMV_B,train
2ZNJ_B,train
2ZNZ_B,train
2ZQK_M,train
2ZRT_C,train
2ZSI_A,train
2ZSI_B,train
2ZSU_A,train
2ZUQ_A,train
2ZV3_B,train
2ZVY_A,train
2ZW3_E,train
2ZXW_U,train
2ZXX_E,train
2ZXX_F,train
2ZYZ_A,train
2ZYZ_B,train
3A17_F,train
3A1M_E,train
3A1P_C,train
3A1P_D,train
3A1Y_C,train
3A1Y_G,train
3A2N_F,train
3A2W_J,train
3A4S_D,train
3A5I_A,train
3A6M_A,train
3A7O_D,train
3A8I_A,train
3A98_C,train
3A98_D,train
3AAA_AB,train
3AAA_C,train
3AAD_A,train
3AB0_A,train
3ABD_B,train
3ABK_C,train
3ABK_W,train
3AD8_D,train
3AE8_B,train
3AE8_C,train
3AEH_B,train
3AFK_A,train
3AFQ_D,train
3AG3_G,train
3AGF_A,train
3AGY_B,train
3AHS_A,train
3AJ1_C,train
3AJB_A,train
3AJF_A,train
3AJY_A,train
3AL3_A,train
3ALP_B,train
3ALZ_B,train
3ANS_B,train
3AO0_B,train
3AON_A,train
3AON_B,train
3APY_A,train
3AQJ_R,train
3AQQ_B,train
3ASO_B,train
3ASO_I,train
3AXG_H,train
3AXJ_A,train
3AXJ_B,train
3AXY_B,train
3AXY_D,train
3AYH_A,train
3AYH_B,train
3AYZ_B,train
3B01_A,train
3B08_B,train
3B1B_B,train
3B42_B,train
3B48_B,train
3B4Y_A,train
3B5K_B,train
3B6A_A,train
3B6P_D,train
3B83_G,train
3B8I_F,train
3B9I_B,train
3B9K_F,train
3BA3_B,train
3BAL_B,train
3BAR_A,train
3BB9_C,train
3BCW_B,train
3BDB_B,train
3BE6_A,train
3BEG_A,train
3BEG_B,train
3BEY_D,train
3BFW_C,train
3BG2_B,train
3BH3_B,train
3BHD_A,train
3BHQ_A,train
3BJ6_A,train
3BJB_B,train
3BJD_B,train
3BK3_C,train
3BL4_A,train
3BL5_C,train
3BLH_B,train
3BM2_B,train
3BN3_B,train
3BNV_E,train
3BNW_A,train
3BP8_D,train
3BPD_F,train
3BPJ_B,train
3BPQ_B,train
3BPZ_B,train
3BQA_B,train
3BQB_X,train
3BRC_B,train
3BRJ_D,train
3BRT_D,train
3BRW_B,train
3BS5_A,train
3BS5_B,train
3BT3_B,train
3BTI_A,train
3BTP_A,train
3BU2_C,train
3BUA_D,train
3BWG_B,train
3BWL_D,train
3BWU_D,train
3BWV_B,train
3BX7_C,train
3BXJ_B,train
3BYW_F,train
3BZO_B,train
3C18_A,train
3C1D_B,train
3C1L_F,train
3C24_A,train
3C3W_A,train
3C5O_B,train
3C5W_P,train
3C5Y_J,train
3C6M_C,train
3C85_A,train
3C8I_B,train
3C9A_B,train
3C9G_A,train
3CAE_G,train
3CAZ_B,train
3CBX_A,train
3CEW_D,train
3CF4_G,train
3CFI_A,train
3CFI_B,train
3CG0_A,train
3CG8_B,train
3CGY_A,train
3CI0_J,train
3CI0_K,train
3CI6_B,train
3CIT_A,train
3CJD_A,train
3CJH_F,train
3CJH_I,train
3CJI_C,train
3CJL_A,train
3CJX_H,train
3CKD_C,train
3CKY_A,train
3CMB_D,train
3CNH_A,train
3CNY_B,train
3CO2_D,train
3CQ9_C,train
3CQC_A,train
3CQC_B,train
3CQZ_C,train
3CRC_A,train
3CSW_C,train
3CSY_M,train
3CT6_A,train
3CTM_D,train
3CUE_O,train
3CVJ_A,train
3CW2_M,train
3CX5_E,train
3CYQ_F,train
3D03_C,train
3D0F_A,train
3D0T_D,train
3D0W_A,train
3D12_B,train
3D1E_A,train
3D1L_B,train
3D1M_D,train
3D36_B,train
3D3K_A,train
3D3N_B,train
3D4I_D,train
3D4R_A,train
3D54_D,train
3D5N_H,train
3D5S_C,train
3D6R_B,train
3D72_B,train
3D7J_E,train
3D87_A,train
3D87_B,train
3D8A_G,train
3D8U_B,train
3D9R_C,train
3D9X_C,train
3DAL_A,train
3DAW_B,train
3DB0_B,train
3DBI_A,train
3DBO_B,train
3DCA_C,train
3DCL_A,train
3DDC_B,train
3DDH_A,train
3DDV_B,train
3DFE_A,train
3DFZ_B,train
3DGC_L,train
3DGC_R,train
3DGE_B,train
3DGP_A,train
3DGP_B,train
3DH7_C,train
3DI2_B,train
3DI3_A,train
3DI4_A,train
3DKB_D,train
3DKU_A,train
3DKW_I,train
3DL2_A,train
3DMC_B,train
3DN7_B,train
3DNH_A,train
3DNM_A,train
3DO8_A,train
3DOF_A,train
3DOF_B,train
3DP3_B,train
3DPI_A,train
3DPO_B,train
3DPY_A,train
3DRX_C,train
3DSB_B,train
3DSN_B,train
3DTN_A,train
3DTO_C,train
3DTP_F,train
3DTT_B,train
3DUK_B,train
3DVP_B,train
3DWG_C,train
3DXB_G,train
3DXD_A,train
3DZ2_B,train
3DZA_D,train
3DZM_A,train
3E05_B,train
3E08_D,train
3E0J_D,train
3E17_A,train
3E19_A,train
3E1Z_A,train
3E48_B,train
3E4C_A,train
3E6M_D,train
3E7L_A,train
3E96_B,train
3E98_A,train
3EAB_A,train
3EAS_B,train
3EBA_B,train
3ECS_H,train
3EDP_A,train
3EEY_B,train
3EF2_B,train
3EFY_A,train
3EFZ_B,train
3EG5_B,train
3EGH_C,train
3EGR_A,train
3EGV_A,train
3EH4_B,train
3EJH_A,train
3EJO_A,train
3ELV_A,train
3EMJ_K,train
3EMO_C,train
3EN0_A,train
3ENT_A,train
3EO8_C,train
3EPY_A,train
3EPZ_A,train
3EQX_A,train
3ER6_F,train
3ERW_B,train
3ES5_A,train
3ESK_A,train
3EUH_B,train
3EUH_E,train
3EUK_E,train
3EUS_A,train
3EVY_B,train
3EZ0_A,train
3EZJ_C,train
3EZQ_C,train
3EZQ_D,train
3F0N_A,train
3F1I_H,train
3F1I_S,train
3F1P_A,train
3F1P_B,train
3F3S_A,train
3F4N_F,train
3F51_D,train
3F62_A,train
3F6O_A,train
3F7P_C,train
3F8F_A,train
3F8H_A,train
3F8U_B,train
3F8X_D,train
3F90_F,train
3FA4_G,train
3FA9_B,train
3FAU_B,train
3FBN_D,train
3FBZ_C,train
3FCG_A,train
3FD4_B,train
3FDS_A,train
3FDS_C,train
3FF8_D,train
3FFK_D,train
3FFU_B,train
3FG8_C,train
3FG9_E,train
3FGT_A,train
3FIL_B,train
3FJG_D,train
3FJS_C,train
3FJU_B,train
3FK9_A,train
3FKF_A,train
3FKH_B,train
3FLD_B,train
3FLO_F,train
3FLP_N,train
3FMA_C,train
3FMB_A,train
3FMT_A,train
3FN1_B,train
3FN2_A,train
3FOK_H,train
3FPU_A,train
3FPV_A,train
3FQ6_B,train
3FRW_B,train
3FRY_A,train
3FSH_A,train
3FUY_B,train
3FVM_B,train
3FWC_N,train
3FWE_B,train
3FWS_B,train
3FXA_A,train
3FXD_B,train
3FXT_B,train
3FY6_A,train
3FYB_A,train
3FYF_B,train
3G13_A,train
3G16_A,train
3G2E_B,train
3G2O_A,train
3G33_B,train
3G3B_A,train
3G3R_A,train
3G3Z_B,train
3G5W_E,train
3G67_A,train
3G7K_B,train
3G8L_A,train
3G9K_L,train
3G9W_A,train
3GAA_A,train
3GAG_D,train
3GAS_C,train
3GBU_D,train
3GC3_A,train
3GDH_A,train
3GFD_A,train
3GFK_A,train
3GFK_B,train
3GFU_A,train
3GGJ_A,train
3GIF_A,train
3GJB_B,train
3GJO_C,train
3GLC_A,train
3GNI_A,train
3GNI_B,train
3GNJ_C,train
3GOR_C,train
3GOX_A,train
3GPG_C,train
3GQH_A,train
3GQI_B,train
3GSD_K,train
3GTY_S,train
3GU3_B,train
3GUY_H,train
3GVI_A,train
3GWH_B,train
3GWL_A,train
3GWN_B,train
3GWR_B,train
3GXG_C,train
3GXW_D,train
3GXY_A,train
3GYD_B,train
3GZ1_A,train
3GZ8_B,train
3GZE_C,train
3GZR_A,train
3H05_B,train
3H11_A,train
3H2U_A,train
3H2U_B,train
3H35_C,train
3H3M_A,train
3H4S_E,train
3H6K_C,train
3H6S_E,train
3H87_A,train
3H87_D,train
3H8D_B,train
3H90_D,train
3HA4_A,train
3HB1_C,train
3HCG_A,train
3HCS_A,train
3HDJ_A,train
3HEF_B,train
3HF5_A,train
3HG9_B,train
3HH0_B,train
3HHH_B,train
3HHI_B,train
3HI2_A,train
3HI2_B,train
3HIE_C,train
3HIM_B,train
3HJ9_A,train
3HJP_D,train
3HJU_A,train
3HKL_B,train
3HL4_B,train
3HL6_B,train
3HL9_B,train
3HMX_AB,train
3HN6_B,train
3HO7_A,train
3HPK_A,train
3HQI_A,train
3HQR_A,train
3HR7_B,train
3HRQ_B,train
3HS3_A,train
3HSE_B,train
3HSH_F,train
3HT2_A,train
3HTA_A,train
3HTR_A,train
3HTU_C,train
3HUG_O,train
3HUG_P,train
3HWP_B,train
3HY2_Y,train
3HZ4_A,train
3HZO_A,train
3I2B_E,train
3I38_A,train
3I54_A,train
3I5V_A,train
3I6P_E,train
3I71_B,train
3I7U_C,train
3I9S_C,train
3I9V_E,train
3I9V_G,train
3IA0_I,train
3IA3_A,train
3IA8_B,train
3IAI_A,train
3IB6_B,train
3IBM_B,train
3IC3_C,train
3IC5_B,train
3IDF_A,train
3IEC_B,train
3IF4_D,train
3IF8_B,train
3IFQ_C,train
3IGM_B,train
3IIC_B,train
3IIF_A,train
3IJ6_D,train
3IJM_A,train
3IKK_A,train
3IMO_D,train
3IMQ_C,train
3IN6_A,train
3IOY_A,train
3IQ2_B,train
3IR1_C,train
3IRB_A,train
3ISA_D,train
3ISM_B,train
3IUW_B,train
3IVP_A,train
3IX7_A,train
3IX8_D,train
3IXE_A,train
3IXE_B,train
3IXS_A,train
3JRV_A,train
3JSJ_B,train
3JVC_A,train
3JX9_A,train
3JXO_B,train
3K0Z_B,train
3K1I_B,train
3K1I_C,train
3K1R_A,train
3K25_B,train
3K33_A,train
3K3C_B,train
3K4G_C,train
3K4W_D,train
3K4Y_A,train
3K53_A,train
3K67_A,train
3K6C_C,train
3K6E_B,train
3K6G_A,train
3K6Q_C,train
3K6T_C,train
3K75_B,train
3K75_D,train
3K8P_C,train
3KAE_B,train
3KAS_B,train
3KB4_D,train
3KBO_D,train
3KBT_A,train
3KBT_D,train
3KCP_A,train
3KCP_B,train
3KCV_I,train
3KDG_A,train
3KDQ_C,train
3KE2_A,train
3KG8_A,train
3KG9_A,train
3KH1_A,train
3KH2_E,train
3KH8_A,train
3KIH_B,train
3KIK_A,train
3KIN_D,train
3KJ0_A,train
3KK4_A,train
3KKD_C,train
3KLQ_A,train
3KLS_X,train
3KMH_B,train
3KML_G,train
3KMT_B,train
3KNW_A,train
3KOC_F,train
3KP1_H,train
3KS7_D,train
3KTC_B,train
3KTM_F,train
3KTS_E,train
3KU4_D,train
3KUC_B,train
3KVZ_A,train
3KW0_B,train
3KWV_F,train
3KXE_A,train
3KXE_C,train
3KXY_B,train
3KXY_T,train
3KY8_A,train
3KYG_B,train
3KYJ_A,train
3KYS_C,train
3KZ1_A,train
3KZH_A,train
3KZI_D,train
3KZI_E,train
3KZQ_A,train
3L09_B,train
3L0I_C,train
3L0R_A,train
3L0W_B,train
3L2H_A,train
3L34_G,train
3L6Y_A,train
3L7T_C,train
3L82_A,train
3L82_B,train
3L89_M,train
3L9F_C,train
3L9J_C,train
3L9K_C,train
3LA6_I,train
3LA7_A,train
3LAO_B,train
3LB6_A,train
3LB6_C,train
3LB8_C,train
3LBX_A,train
3LBX_B,train
3LD8_A,train
3LFK_A,train
3LFR_B,train
3LG2_B,train
3LGA_B,train
3LGS_C,train
3LH2_V,train
3LHX_A,train
3LIS_B,train
3LIZ_A,train
3LJL_A,train
3LK4_7,train
3LKU_F,train
3LLK_B,train
3LLM_B,train
3LMS_B,train
3LNL_B,train
3LNN_A,train
3LO3_O,train
3LOR_B,train
3LOT_D,train
3LP6_B,train
3LQ6_B,train
3LQV_B,train
3LR2_B,train
3LRJ_D,train
3LRQ_D,train
3LRU_A,train
3LSJ_A,train
3LTE_D,train
3LUB_I,train
3LVK_B,train
3LVY_C,train
3LW7_B,train
3LWF_B,train
3LYH_B,train
3LYQ_B,train
3LYV_C,train
3M0Z_D,train
3M1A_D,train
3M1C_B,train
3M1R_A,train
3M2V_F,train
3M3R_D,train
3M4W_A,train
3M5O_A,train
3M65_A,train
3M6N_B,train
3M85_B,train
3M8A_L,train
3M8E_A,train
3M8J_A,train
3M8N_D,train
3M92_B,train
3MAL_A,train
3MDO_A,train
3ME4_A,train
3MES_B,train
3MEX_A,train
3MF0_A,train
3MF1_A,train
3MGX_B,train
3MHF_D,train
3MHH_E,train
3MIL_A,train
3MJ7_A,train
3MJ7_B,train
3MJK_Y,train
3MJO_A,train
3MJQ_A,train
3MK7_B,train
3MK7_I,train
3MKQ_F,train
3MKR_B,train
3MLG_A,train
3MMY_F,train
3MOQ_C,train
3MPO_B,train
3MQ0_B,train
3MQH_A,train
3MQW_D,train
3MR7_A,train
3MTS_B,train
3MVP_A,train
3MXN_A,train
3MXN_B,train
3MZK_B,train
3MZO_B,train
3N06_A,train
3N06_B,train
3N10_B,train
3N2L_E,train
3N2S_C,train
3N40_F,train
3N4P_B,train
3N4S_B,train
3N50_F,train
3N7R_B,train
3N7R_C,train
3N9X_B,train
3NAP_B,train
3NAU_B,train
3NCT_D,train
3NDH_A,train
3NE2_A,train
3NEK_B,train
3NFC_E,train
3NFG_G,train
3NFG_H,train
3NGF_B,train
3NGZ_A,train
3NHV_B,train
3NI7_A,train
3NIC_C,train
3NJ2_B,train
3NJA_B,train
3NJC_A,train
3NJH_D,train
3NK3_A,train
3NKH_B,train
3NKZ_D,train
3NM7_A,train
3NMZ_C,train
3NN2_B,train
3NO7_A,train
3NOQ_B,train
3NPG_C,train
3NQN_A,train
3NQO_A,train
3NR1_B,train
3NRJ_A,train
3NRT_C,train
3NRV_D,train
3NS6_B,train
3NTE_A,train
3NUT_C,train
3NWS_D,train
3NXZ_D,train
3NYB_A,train
3NYB_B,train
3NYM_B,train
3O0L_A,train
3O0R_C,train
3O10_D,train
3O2I_B,train
3O34_A,train
3O5C_A,train
3O61_B,train
3O6B_A,train
3O6Q_A,train
3O7X_D,train
3O91_A,train
3OAK_A,train
3OCD_C,train
3OCD_D,train
3OED_C,train
3OEU_2,train
3OEU_M,train
3OGH_B,train
3OGI_C,train
3OGI_D,train
3OJI_B,train
3OKJ_D,train
3OL3_A,train
3OMT_A,train
3ON0_A,train
3ONA_A,train
3ONA_B,train
3ONL_A,train
3OPC_B,train
3OQ2_B,train
3OQP_B,train
3OR1_E,train
3OR3_A,train
3OSY_E,train
3OTE_A,train
3OUN_A,train
3OUN_B,train
3OUO_A,train
3OWT_A,train
3OYF_A,train
3OZB_A,train
3P01_B,train
3P0C_A,train
3P16_A,train
3P37_A,train
3P4G_B,train
3P52_B,train
3P71_T,train
3P83_B,train
3P83_F,train
3P8B_C,train
3P8B_D,train
3P8C_D,train
3P8C_E,train
3P8C_F,train
3P9T_A,train
3PB2_B,train
3PC8_A,train
3PC8_D,train
3PCC_P,train
3PCQ_C,train
3PCQ_D,train
3PCS_A,train
3PH0_A,train
3PH0_C,train
3PH1_A,train
3PHF_D,train
3PIM_B,train
3PJN_A,train
3PJS_N,train
3PJV_D,train
3PL0_A,train
3PNR_B,train
3PNW_U,train
3PPE_B,train
3PQK_B,train
3PQR_A,train
3PR7_B,train
3PRB_B,train
3PRP_A,train
3PRU_B,train
3PS4_B,train
3PUT_B,train
3PUV_G,train
3PV6_B,train
3PVR_A,train
3PVR_C,train
3PXX_E,train
3PYI_B,train
3Q0V_B,train
3Q0Y_C,train
3Q1P_A,train
3Q4H_A,train
3Q4H_B,train
3Q58_A,train
3Q6A_D,train
3Q6D_C,train
3Q7G_A,train
3Q7H_M,train
3Q87_A,train
3Q87_B,train
3Q9D_A,train
3Q9U_A,train
3Q9V_B,train
3QB2_B,train
3QBR_A,train
3QBU_A,train
3QC8_B,train
3QFM_A,train
3QGK_J,train
3QIS_A,train
3QIT_D,train
3QMW_B,train
3QNA_D,train
3QNI_A,train
3QNR_B,train
3QOE_A,train
3QP8_D,train
3QPB_F,train
3QQ2_B,train
3QQW_E,train
3QRF_G,train
3QTA_A,train
3QTH_A,train
3QU2_D,train
3QVI_B,train
3QWN_J,train
3QWU_A,train
3QYF_A,train
3QYQ_C,train
3R1F_B,train
3R1G_B,train
3R2J_D,train
3R3S_C,train
3R3W_A,train
3R45_A,train
3R45_B,train
3R4D_A,train
3R4D_B,train
3R4K_B,train
3R4Q_D,train
3R6A_B,train
3R84_K,train
3R84_L,train
3R8K_B,train
3R8Y_D,train
3RBB_A,train
3RBN_A,train
3RBQ_B,train
3RBX_B,train
3RDZ_C,train
3REP_A,train
3RF1_A,train
3RGB_G,train
3RGF_A,train
3RGF_B,train
3RGU_A,train
3RH7_E,train
3RHT_B,train
3RHU_B,train
3RJR_C,train
3RKO_K,train
3RLB_B,train
3RLQ_B,train
3RMU_C,train
3RPF_B,train
3RPF_C,train
3RPG_B,train
3RPG_C,train
3RRI_B,train
3RTY_G,train
3RV0_B,train
3RV2_A,train
3RVZ_A,train
3S19_A,train
3S1J_A,train
3S1M_H,train
3S2D_F,train
3S5R_A,train
3S6L_C,train
3S6N_E,train
3S6Z_B,train
3S7R_A,train
3S8V_X,train
3S97_A,train
3S97_C,train
3S9C_A,train
3SB1_B,train
3SC6_C,train
3SCH_A,train
3SDL_B,train
3SDL_C,train
3SF4_A,train
3SF5_C,train
3SF8_A,train
3SGB_E,train
3SGQ_I,train
3SIP_E,train
3SJA_J,train
3SJR_A,train
3SK2_B,train
3SL7_B,train
3SLG_C,train
3SM1_A,train
3SO5_B,train
3SPS_A,train
3SQD_A,train
3STB_C,train
3SVR_C,train
3SWC_B,train
3SXY_A,train
3SYN_A,train
3T1Q_C,train
3T2N_B,train
3T30_G,train
3T38_A,train
3T3A_A,train
3T3X_A,train
3T4N_A,train
3T6G_A,train
3T6G_B,train
3T6O_B,train
3T88_F,train
3T91_B,train
3TAC_B,train
3TDU_A,train
3TEO_J,train
3TG1_B,train
3TG9_B,train
3TGN_B,train
3THA_B,train
3THT_B,train
3TIX_A,train
3TKR_B,train
3TL3_A,train
3TL8_A,train
3TL8_B,train
3TLF_D,train
3TMK_F,train
3TND_B,train
3TND_E,train
3TNF_B,train
3TOS_I,train
3TOZ_H,train
3TPU_A,train
3TQY_A,train
3TS3_B,train
3TS8_C,train
3TSZ_A,train
3TU3_A,train
3TUZ_F,train
3TW8_C,train
3TXQ_D,train
3TY6_E,train
3U02_B,train
3U0H_A,train
3U1D_A,train
3U1J_B,train
3U1O_A,train
3U52_E,train
3U5Z_A,train
3U61_H,train
3UBX_A,train
3UC0_B,train
3UIN_D,train
3UKV_B,train
3UL4_B,train
3ULA_D,train
3ULQ_A,train
3ULQ_B,train
3UO3_A,train
3UYO_A,train
3UZ0_A,train
3UZ0_B,train
3UZP_A,train
3V3K_A,train
3V3K_B,train
3V6O_A,train
3V6Z_F,train
3VCB_A,train
3VEP_D,train
3VG8_F,train
3VG9_A,train
3VLB_B,train
3VYR_A,train
3W8I_B,train
3WA5_B,train
3WDG_B,train
3WKM_B,train
3WO3_A,train
3WO3_B,train
3WQB_B,train
3WWN_B,train
3ZET_A,train
3ZNZ_A,train
3ZQP_C,train
3ZRJ_A,train
3ZTG_B,train
3ZUP_B,train
3ZV0_B,train
3ZV0_D,train
3ZVK_G,train
3ZXQ_B,train
3ZYJ_B,train
3ZYL_A,train
3ZZV_A,train
4A94_D,train
4AEI_A,train
4AP2_B,train
4APX_A,train
4AQE_B,train
4AWX_B,train
4AYE_A,train
4B4S_A,train
4BD9_B,train
4BFI_A,train
4BFI_B,train
4BKX_A,train
4BPX_C,train
4BPX_D,train
4BQD_A,train
4C2A_A,train
4C4P_B,train
4C7N_B,train
4CAD_I,train
4CDK_A,train
4CDK_E,train
4CJ1_B,train
4CMM_B,train
4CNI_C,train
4CT0_B,train
4D0N_B,train
4DBG_A,train
4DBG_B,train
4DID_B,train
4DT1_A,train
4DT1_B,train
4DX8_A,train
4DX8_J,train
4EQA_A,train
4EQA_C,train
4ETW_A,train
4ETW_B,train
4EUK_A,train
4EUK_B,train
4EXP_A,train
4F0A_B,train
4F2M_F,train
4F37_A,train
4F38_B,train
4F48_A,train
4F48_B,train
4F9L_A,train
4FQ0_B,train
4FQ0_C,train
4FQJ_A,train
4G59_C,train
4G6U_A,train
4G6V_A,train
4G6V_B,train
4G80_T,train
4GAF_A,train
4GAM_AFBGCH,train
4GAM_D,train
4GEH_A,train
4GH7_A,train
4GH7_B,train
4GI3_C,train
4GN5_A,train
4H5S_B,train
4H88_A,train
4HC1_B,train
4HCP_A,train
4HEP_A,train
4HT1_T,train
4HX3_A,train
4HX3_BD,train
4I6L_A,train
4IC7_B,train
4IU3_A,train
4IU3_B,train
4IYP_A,train
4IZ7_B,train
4J32_A,train
4J32_B,train
4J4P_A,train
4JCV_E,train
4JEU_B,train
4JW3_A,train
4K1R_A,train
4K24_A,train
4K2U_B,train
4KDI_C,train
4KFZ_A,train
4KT3_A,train
4KVG_B,train
4LAD_B,train
4LLO_B,train
4LU5_A,train
4LU5_IM,train
4LW4_C,train
4M5F_A,train
4M6B_A,train
4MI8_A,train
4MJS_A,train
4MJS_B,train
4ML7_B,train
4MQV_A,train
4MRT_A,train
4MRT_C,train
4MWF_C,train
4N7Z_A,train
4NIQ_A,train
4NL9_A,train
4NM3_A,train
4NOO_A,train
4NOO_B,train
4NP4_A,train
4NQW_B,train
4NZL_B,train
4NZR_M,train
4OFY_A,train
4OII_A,train
4OKV_E,train
4ONS_A,train
4ONS_B,train
4OVN_F,train
4OYD_B,train
4P3Y_B,train
4PBW_B,train
4PJ2_A,train
4PJ2_D,train
4PLJ_B,train
4PLO_B,train
4PW9_A,train
4PW9_B,train
4PZ6_A,train
4Q6I_J,train
4Q96_D,train
4QLP_A,train
4QLP_B,train
4QRP_L,train
4QT8_C,train
4QXA_B,train
4RDQ_E,train
4REY_A,train
4RS1_B,train
4RWS_C,train
4RWT_D,train
4S0S_A,train
4TQ1_A,train
4U0Q_B,train
4U1G_A,train
4U2X_A,train
4U4C_B,train
4UEM_A,train
4UEM_B,train
4UF1_A,train
4UI1_D,train
4UYQ_B,train
4V2C_A,train
4V2C_B,train
4W6Y_A,train
4WFF_A,train
4X33_A,train
4XAK_A,train
4XHU_D,train
4XL1_A,train
4XLW_B,train
4XOI_B,train
4XWJ_A,train
4XXB_A,train
4Y5O_A,train
4Y5O_B,train
4YH7_B,train
4YN0_A,train
4YPI_C,train
4YVQ_A,train
4YVQ_C,train
4YWC_A,train
4YYP_A,train
4ZGQ_A,train
4ZGY_B,train
4ZI2_C,train
4ZII_A,train
4ZLT_B,train
4ZQU_B,train
4ZRJ_B,train
4ZRP_C,train
4ZSO_E,train
5ABV_B,train
5AJJ_A,train
5AYS_A,train
5B64_A,train
5B64_B,train
5B76_A,train
5BNQ_A,train
5C8J_I,train
5CTR_A,train
5CTR_C,train
5CZF_D,train
5CZX_A,train
5D1L_B,train
5D1Q_E,train
5D1Z_I,train
5D8J_A,train
5D93_A,train
5DCQ_F,train
5DFW_A,train
5DHV_N,train
5DJT_B,train
5DJU_A,train
5DOB_A,train
5DOB_B,train
5E8E_BA,train
5E94_G,train
5EB1_A,train
5EB1_B,train
5EE5_A,train
5EO9_B,train
5ESV_E,train
5ET1_A,train
5F3X_B,train
5F4E_A,train
5F4E_B,train
5F5S_A,train
5F5S_B,train
5FB8_C,train
5FZT_A,train
5GPG_B,train
5H35_E,train
5HBT_B,train
5HDQ_A,train
5HPY_A,train
5IKC_M,train
5IMT_D,train
5IP4_E,train
5IUS_A,train
5IUS_C,train
5J13_A,train
5J4A_A,train
5J4A_B,train
5JLV_C,train
5JQ6_A,train
5K59_A,train
5KTE_A,train
5LSP_P,train
5LWY_A,train
5LXQ_A,train
5MO9_X,train
5SY8_O,train
5SZJ_B,train
5TAR_A,train
5TAR_B,train
5TUD_A,train
5VEB_X,train
5W2B_A,train
5XBM_C,train
5YOY_C,train
6BPE_D,train
6CK9_B,train
6CYF_Q,train
6ELU_D,train
1A99_D,test
1AUI_A,test
1BO6_A,test
1BOU_B,test
1BPL_B,test
1C7N_D,test
1CS0_B,test
1DM5_F,test
1DOS_B,test
1EFV_A,test
1EHI_A,test
1EV7_A,test
1EWY_A,test
1EZ1_B,test
1F06_A,test
1F6M_A,test
1FFV_C,test
1FR8_A,test
1FT8_C,test
1FZW_B,test
1GP2_BG,test
1GX7_A,test
1H6D_A,test
1HF2_C,test
1I2M_B,test
1IUG_A,test
1IXS_B,test
1IZ1_B,test
1J0E_B,test
1JG8_D,test
1JR3_D,test
1JTD_B,test
1K3R_B,test
1KIZ_B,test
1KYQ_B,test
1LEH_B,test
1M1T_B,test
1M32_D,test
1MB2_F,test
1NCA_N,test
1ND6_B,test
1O4U_B,test
1O57_D,test
1O61_A,test
1OJ7_D,test
1OMZ_B,test
1ONW_B,test
1P6X_A,test
1P9E_A,test
1PK8_A,test
1POI_A,test
1R0K_D,test
1R8J_A,test
1RQD_A,test
1RYI_C,test
1SOJ_J,test
1ST0_A,test
1SUW_D,test
1SXJ_D,test
1SXJ_E,test
1SZ2_B,test
1T8U_B,test
1TO6_A,test
1U0R_C,test
1U2V_C,test
1U6S_A,test
1UL1_X,test
1V7C_A,test
1VHK_C,test
1W1W_B,test
1W23_A,test
1WDW_H,test
1WKH_B,test
1WKV_B,test
1WPP_B,test
1WX1_B,test
1X7O_A,test
1X9J_G,test
1XF9_A,test
1XG2_A,test
1XI8_A,test
1XQS_A,test
1XXI_C,test
1XXI_E,test
1Y56_B,test
1Y8Q_A,test
1YKJ_A,test
1Z85_B,test
1ZCT_B,test
1ZH8_A,test
1ZHH_A,test
1ZXO_C,test
2AF4_C,test
2AUN_A,test
2AW6_A,test
2AYO_A,test
2B3Z_D,test
2BP7_B,test
2BWN_E,test
2C0L_A,test
2CDB_A,test
2CE8_A,test
2CH5_A,test
2CVO_B,test
2DG0_E,test
2E2P_A,test
2E5F_A,test
2E7J_B,test
2E89_A,test
2EG5_E,test
2EJW_A,test
2EP5_B,test
2F4M_A,test
2F4N_C,test
2FV2_C,test
2GSZ_F,test
2GVQ_C,test
2GZA_A,test
2HYX_C,test
2HZG_A,test
2HZK_D,test
2I3T_A,test
2I7N_B,test
2IJZ_G,test
2IP2_B,test
2J0Q_B,test
2J5T_G,test
2J6X_G,test
2MTA_HL,test
2NQL_A,test
2OBN_D,test
2OGJ_E,test
2OIZ_B,test
2OOR_AB,test
2OZK_B,test
2PBI_B,test
2PMS_A,test
2PP1_A,test
2PVP_A,test
2Q0J_A,test
2QDH_A,test
2QFC_A,test
2QGI_A,test
2QXV_A,test
2QYO_A,test
2R87_A,test
2R8Q_B,test
2UX8_C,test
2V3B_A,test
2V7X_C,test
2V9P_G,test
2V9T_B,test
2VCG_D,test
2VHI_C,test
2VHW_A,test
2VN8_A,test
2VUN_C,test
2WPX_B,test
2WUS_A,test
2WVM_A,test
2WYR_G,test
2X0D_A,test
2X2E_D,test
2X5D_D,test
2X65_B,test
2XT2_A,test
2XWT_C,test
2Y0M_A,test
2Y5B_A,test
2YCH_A,test
2Z4R_B,test
2Z50_A,test
2Z71_C,test
2Z9V_B,test
2ZBK_A,test
2ZIU_A,test
2ZIU_B,test
2ZUC_B,test
2ZZX_A,test
3AB1_B,test
3AEO_C,test
3AFO_A,test
3AP2_A,test
3AUY_A,test
3B5U_J,test
3BH6_B,test
3BM5_A,test
3BP8_AB,test
3BT1_U,test
3BTV_B,test
3BV6_D,test
3BWO_D,test
3C0B_C,test
3C0K_B,test
3C3J_F,test
3C48_A,test
3CE9_A,test
3CEA_B,test
3CQ6_A,test
3CYJ_B,test
3D6K_B,test
3DDM_B,test
3DHW_D,test
3DP7_A,test
3DUG_C,test
3DZ2_A,test
3DZC_B,test
3E18_A,test
3E38_B,test
3E5P_C,test
3E9M_A,test
3EIQ_C,test
3EPW_B,test
3ES8_H,test
3EUA_H,test
3EZ6_B,test
3EZY_A,test
3FGT_B,test
3FHC_A,test
3FZ0_B,test
3G0I_A,test
3G8Q_C,test
3G8R_A,test
3GJZ_A,test
3GL1_A,test
3GZT_O,test
3H6G_B,test
3H77_B,test
3H8L_B,test
3H9G_A,test
3HE3_F,test
3HGU_A,test
3HLI_A,test
3HMK_B,test
3HPV_B,test
3HWS_D,test
3HXJ_A,test
3IAU_A,test
3IF8_A,test
3IGF_B,test
3IO1_A,test
3ISL_B,test
3IX1_B,test
3JSK_G,test
3JTX_A,test
3K5H_A,test
3KKI_A,test
3KL5_B,test
3KL9_J,test
3L31_A,test
3L9W_B,test
3LED_A,test
3LEE_A,test
3LJQ_C,test
3LKU_E,test
3LMA_C,test
3LOU_C,test
3LVK_AC,test
3M2T_A,test
3MCA_B,test
3MCZ_A,test
3MEN_B,test
3MGC_A,test
3MKR_A,test
3MMY_G,test
3MWE_B,test
3MZK_D,test
3N29_A,test
3N3D_A,test
3NND_C,test
3NTQ_A,test
3NVN_A,test
3NVV_B,test
3O3M_D,test
3O3P_A,test
3O5T_A,test
3OBK_F,test
3OM1_A,test
3ON5_A,test
3OOQ_H,test
3OQB_D,test
3OV3_B,test
3P6K_B,test
3P72_A,test
3P9I_C,test
3PG9_H,test
3PGA_1,test
3PND_D,test
3PNK_B,test
3PUZ_B,test
3PWS_A,test
3QBX_B,test
3QE9_Y,test
3QKW_C,test
3QML_D,test
3QW2_B,test
3R0Q_A,test
3R1X_A,test
3R5X_D,test
3R9A_AC,test
3RAM_D,test
3RCY_C,test
3RF6_B,test
3RFH_A,test
3RHF_B,test
3RMR_A,test
3RT0_A,test
3S5U_E,test
3SF5_D,test
3SJA_I,test
3SN6_A,test
3SSO_B,test
3SYL_A,test
3SZP_A,test
3T5P_A,test
3T8E_A,test
3THO_A,test
3THO_B,test
3TII_B,test
3TK1_B,test
3TQC_B,test
3TWO_B,test
3U5Z_B,test
3UGV_C,test
3UI2_A,test
3UK7_A,test
3UVN_C,test
3V5N_C,test
3VGK_E,test
3VH0_D,test
3VH3_A,test
3VV2_A,test
3VYR_B,test
3WN7_A,test
3ZWL_B,test
4BKX_B,test
4C9B_B,test
4DVG_B,test
4ETP_A,test
4ETP_B,test
4FZV_A,test
4HDO_A,test
4LVN_A,test
4M0W_A,test
4V0O_F,test
4X33_B,test
4XL5_C,test
4Y61_B,test
4YC7_B,test
4YEB_A,test
4ZGY_A,test
4ZRJ_A,test
5BV7_A,test
5CXB_B,test
5J57_A,test
5TIH_A,test
5XIM_A,test
7MDH_B,test
4JLR_S,test
