exp,period,duty_cycle,intensity,value,min,max,efficacy,EL222(AQTrip)b,EL222(AQTrip)e,EL222A79Q,GAVPOLT pGAL1,eMagABM Lex,eMagBA
exp0,0.166666667,0.5,1,7537,2929,6935,1.154477803,0,0,0,0,1,0
exp1,0.166666667,0.1,1,6590,2929,6935,0.911470362,0,0,0,0,1,0
exp2,60,1,1,6935,2929,6935,1,0,0,0,0,1,0
exp3,60,1,0.894736842,7193,2929,6935,1.066204773,0,0,0,0,1,0
exp4,60,1,0.736842105,6967,2929,6935,1.008211445,0,0,0,0,1,0
exp5,60,1,0.5,6867,2929,6935,0.98255068,0,0,0,0,1,0
exp6,60,1,0.236842105,6580,2929,6935,0.908904285,0,0,0,0,1,0
exp7,60,1,0.078947368,6848,2929,6935,0.977675135,0,0,0,0,1,0
exp8,60,1,0.026315789,6582,2929,6935,0.909417501,0,0,0,0,1,0
exp9,60,1,0,2929,2929,6935,-0.027970234,0,0,0,0,1,0
exp10,1,0.1,1,7734,2929,6935,1.20502951,0,0,0,0,1,0
exp11,5,0.5,1,7747,2929,6935,1.208365409,0,0,0,0,1,0
exp12,5,0.1,1,7747,2929,6935,1.208365409,0,0,0,0,1,0
exp13,15,0.5,1,6870,2929,6935,0.983320503,0,0,0,0,1,0
exp14,15,0.25,1,7295,2929,6935,1.092378753,0,0,0,0,1,0
exp15,30,0.9,1,7613,2929,6935,1.173979985,0,0,0,0,1,0
exp16,30,0.75,1,6669,2929,6935,0.931742366,0,0,0,0,1,0
exp17,30,0.5,1,6580,2929,6935,0.908904285,0,0,0,0,1,0
exp18,30,0.25,1,5820,2929,6935,0.713882474,0,0,0,0,1,0
exp19,30,0.1,1,5543,2929,6935,0.642802156,0,0,0,0,1,0
exp20,45,0.5,1,6703,2929,6935,0.940467026,0,0,0,0,1,0
exp21,45,0.25,1,5095,2929,6935,0.52784193,0,0,0,0,1,0
exp22,60,0.9,1,6711,2929,6935,0.942519887,0,0,0,0,1,0
exp23,60,0.75,1,6639,2929,6935,0.924044137,0,0,0,0,1,0
exp24,60,0.5,1,5774,2929,6935,0.702078522,0,0,0,0,1,0
exp25,60,0.25,1,5221,2929,6935,0.560174493,0,0,0,0,1,0
exp26,60,0.1,1,4529,2929,6935,0.382602002,0,0,0,0,1,0
exp27,120,0.5,1,5942,2929,6935,0.745188607,0,0,0,0,1,0
exp28,120,0.25,1,4202,2929,6935,0.298691301,0,0,0,0,1,0
exp29,180,0.75,1,6895,2929,6935,0.989735694,0,0,0,0,1,0
exp30,180,0.5,1,5502,2929,6935,0.632281242,0,0,0,0,1,0
exp31,180,0.25,1,3786,2929,6935,0.19194252,0,0,0,0,1,0
exp32,180,0.1,1,3357,2929,6935,0.081857839,0,0,0,0,1,0
exp33,240,0.75,1,5964,2929,6935,0.750833975,0,0,0,0,1,0
exp34,240,0.5,1,5172,2929,6935,0.547600719,0,0,0,0,1,0
exp35,240,0.25,1,4203,2929,6935,0.298947909,0,0,0,0,1,0
exp36,0.166666667,0.5,0.5,7147,2929,6935,1.054400821,0,0,0,0,1,0
exp37,0.166666667,0.1,0.5,6698,2929,6935,0.939183988,0,0,0,0,1,0
exp38,1,0.1,0.5,7000,2929,6935,1.016679497,0,0,0,0,1,0
exp39,5,0.5,0.5,6665,2929,6935,0.930715935,0,0,0,0,1,0
exp40,5,0.1,0.5,5972,2929,6935,0.752886836,0,0,0,0,1,0
exp41,15,0.5,0.5,6703,2929,6935,0.940467026,0,0,0,0,1,0
exp42,15,0.25,0.5,6138,2929,6935,0.795483705,0,0,0,0,1,0
exp43,30,0.9,0.5,7448,2929,6935,1.131639723,0,0,0,0,1,0
exp44,30,0.75,0.5,7213,2929,6935,1.071336926,0,0,0,0,1,0
exp45,30,0.5,0.5,6376,2929,6935,0.856556325,0,0,0,0,1,0
exp46,30,0.25,0.5,5694,2929,6935,0.68154991,0,0,0,0,1,0
exp47,30,0.1,0.5,5369,2929,6935,0.598152425,0,0,0,0,1,0
exp48,45,0.5,0.5,6614,2929,6935,0.917628945,0,0,0,0,1,0
exp49,45,0.25,0.5,4413,2929,6935,0.352835514,0,0,0,0,1,0
exp50,60,0.9,0.5,7301,2929,6935,1.093918399,0,0,0,0,1,0
exp51,60,0.75,0.5,6296,2929,6935,0.836027714,0,0,0,0,1,0
exp52,60,0.5,0.5,5731,2929,6935,0.691044393,0,0,0,0,1,0
exp53,60,0.25,0.5,4894,2929,6935,0.476263793,0,0,0,0,1,0
exp54,60,0.1,0.5,4665,2929,6935,0.417500642,0,0,0,0,1,0
exp55,120,0.5,0.5,5129,2929,6935,0.53656659,0,0,0,0,1,0
exp56,120,0.25,0.5,3873,2929,6935,0.214267385,0,0,0,0,1,0
exp57,180,0.75,0.5,5967,2929,6935,0.751603798,0,0,0,0,1,0
exp58,180,0.5,0.5,5526,2929,6935,0.638439826,0,0,0,0,1,0
exp59,180,0.25,0.5,4349,2929,6935,0.336412625,0,0,0,0,1,0
exp60,180,0.1,0.5,3480,2929,6935,0.11342058,0,0,0,0,1,0
exp61,240,0.75,0.5,6042,2929,6935,0.770849371,0,0,0,0,1,0
exp62,240,0.5,0.5,4687,2929,6935,0.42314601,0,0,0,0,1,0
exp63,240,0.25,0.5,3444,2929,6935,0.104182705,0,0,0,0,1,0
exp64,0.166666667,0.5,0.078947368,5935,2929,6935,0.743392353,0,0,0,0,1,0
exp65,0.166666667,0.1,0.078947368,4072,2929,6935,0.265332307,0,0,0,0,1,0
exp66,1,0.1,0.078947368,4001,2929,6935,0.247113164,0,0,0,0,1,0
exp67,5,0.5,0.078947368,5637,2929,6935,0.666923274,0,0,0,0,1,0
exp68,5,0.1,0.078947368,4153,2929,6935,0.286117526,0,0,0,0,1,0
exp69,15,0.5,0.078947368,6346,2929,6935,0.848858096,0,0,0,0,1,0
exp70,15,0.25,0.078947368,5979,2929,6935,0.75468309,0,0,0,0,1,0
exp71,30,0.9,0.078947368,6741,2929,6935,0.950218116,0,0,0,0,1,0
exp72,30,0.75,0.078947368,6479,2929,6935,0.882986913,0,0,0,0,1,0
exp73,30,0.5,0.078947368,6533,2929,6935,0.896843726,0,0,0,0,1,0
exp74,30,0.25,0.078947368,4843,2929,6935,0.463176803,0,0,0,0,1,0
exp75,30,0.1,0.078947368,4116,2929,6935,0.276623043,0,0,0,0,1,0
exp76,45,0.5,0.078947368,5419,2929,6935,0.610982807,0,0,0,0,1,0
exp77,45,0.25,0.078947368,4411,2929,6935,0.352322299,0,0,0,0,1,0
exp78,60,0.9,0.078947368,6656,2929,6935,0.928406467,0,0,0,0,1,0
exp79,60,0.75,0.078947368,6086,2929,6935,0.782140108,0,0,0,0,1,0
exp80,60,0.5,0.078947368,5002,2929,6935,0.503977419,0,0,0,0,1,0
exp81,60,0.25,0.078947368,4437,2929,6935,0.358994098,0,0,0,0,1,0
exp82,60,0.1,0.078947368,3063,2929,6935,0.006415191,0,0,0,0,1,0
exp83,120,0.5,0.078947368,5082,2929,6935,0.52450603,0,0,0,0,1,0
exp84,120,0.25,0.078947368,3960,2929,6935,0.23659225,0,0,0,0,1,0
exp85,180,0.75,0.078947368,5976,2929,6935,0.753913267,0,0,0,0,1,0
exp86,180,0.5,0.078947368,4397,2929,6935,0.348729792,0,0,0,0,1,0
exp87,180,0.25,0.078947368,3821,2929,6935,0.200923788,0,0,0,0,1,0
exp88,180,0.1,0.078947368,2633,2929,6935,-0.103926097,0,0,0,0,1,0
exp89,240,0.75,0.078947368,5881,2929,6935,0.72953554,0,0,0,0,1,0
exp90,240,0.5,0.078947368,4414,2929,6935,0.353092122,0,0,0,0,1,0
exp91,240,0.25,0.078947368,3738,2929,6935,0.179625353,0,0,0,0,1,0
exp92,0.166666667,0.5,1,9895,67,9914,0.998070478,0,0,1,0,0,0
exp93,0.166666667,0.1,1,10342,67,9914,1.043465015,0,0,1,0,0,0
exp94,60,1,1,9914,67,9914,1,0,0,1,0,0,0
exp95,60,1,0.901960784,9642,67,9914,0.972377374,0,0,1,0,0,0
exp96,60,1,0.752941176,9786,67,9914,0.987001117,0,0,1,0,0,0
exp97,60,1,0.501960784,9832,67,9914,0.991672591,0,0,1,0,0,0
exp98,60,1,0.250980392,9637,67,9914,0.971869605,0,0,1,0,0,0
exp99,60,1,0.098039216,9874,67,9914,0.995937849,0,0,1,0,0,0
exp100,60,1,0.031372549,8831,67,9914,0.890017264,0,0,1,0,0,0
exp101,60,1,0,67,67,9914,0,0,0,1,0,0,0
exp102,1,0.1,1,10670,67,9914,1.076774652,0,0,1,0,0,0
exp103,5,0.5,1,10334,67,9914,1.042652585,0,0,1,0,0,0
exp104,5,0.1,1,10834,67,9914,1.093429471,0,0,1,0,0,0
exp105,15,0.5,1,10163,67,9914,1.025286889,0,0,1,0,0,0
exp106,15,0.25,1,8942,67,9914,0.901289733,0,0,1,0,0,0
exp107,30,0.9,1,10025,67,9914,1.011272469,0,0,1,0,0,0
exp108,30,0.75,1,9296,67,9914,0.937239768,0,0,1,0,0,0
exp109,30,0.5,1,8077,67,9914,0.81344572,0,0,1,0,0,0
exp110,30,0.25,1,6148,67,9914,0.617548492,0,0,1,0,0,0
exp111,30,0.1,1,4441,67,9914,0.444196202,0,0,1,0,0,0
exp112,45,0.5,1,7259,67,9914,0.730374733,0,0,1,0,0,0
exp113,45,0.25,1,5098,67,9914,0.510917031,0,0,1,0,0,0
exp114,60,0.9,1,10196,67,9914,1.028638164,0,0,1,0,0,0
exp115,60,0.75,1,9446,67,9914,0.952472834,0,0,1,0,0,0
exp116,60,0.5,1,6757,67,9914,0.67939474,0,0,1,0,0,0
exp117,60,0.25,1,4725,67,9914,0.473037473,0,0,1,0,0,0
exp118,60,0.1,1,3022,67,9914,0.300091398,0,0,1,0,0,0
exp119,120,0.5,1,6196,67,9914,0.622423073,0,0,1,0,0,0
exp120,120,0.25,1,3433,67,9914,0.341829999,0,0,1,0,0,0
exp121,180,0.75,1,7705,67,9914,0.775667716,0,0,1,0,0,0
exp122,180,0.5,1,5905,67,9914,0.592870925,0,0,1,0,0,0
exp123,180,0.25,1,3704,67,9914,0.369351071,0,0,1,0,0,0
exp124,180,0.1,1,1908,67,9914,0.186960496,0,0,1,0,0,0
exp125,240,0.75,1,7952,67,9914,0.800751498,0,0,1,0,0,0
exp126,240,0.5,1,6048,67,9914,0.607393115,0,0,1,0,0,0
exp127,240,0.25,1,3382,67,9914,0.336650757,0,0,1,0,0,0
exp128,0.166666667,0.5,0.501960784,10207,67,9914,1.029755255,0,0,1,0,0,0
exp129,0.166666667,0.1,0.501960784,9870,67,9914,0.995531634,0,0,1,0,0,0
exp130,1,0.1,0.501960784,10163,67,9914,1.025286889,0,0,1,0,0,0
exp131,5,0.5,0.501960784,10353,67,9914,1.044582106,0,0,1,0,0,0
exp132,5,0.1,0.501960784,9825,67,9914,0.990961714,0,0,1,0,0,0
exp133,15,0.5,0.501960784,9484,67,9914,0.956331878,0,0,1,0,0,0
exp134,15,0.25,0.501960784,8252,67,9914,0.83121763,0,0,1,0,0,0
exp135,30,0.9,0.501960784,9754,67,9914,0.983751396,0,0,1,0,0,0
exp136,30,0.75,0.501960784,9485,67,9914,0.956433432,0,0,1,0,0,0
exp137,30,0.5,0.501960784,7882,67,9914,0.793642734,0,0,1,0,0,0
exp138,30,0.25,0.501960784,5841,67,9914,0.586371484,0,0,1,0,0,0
exp139,30,0.1,0.501960784,4064,67,9914,0.40591043,0,0,1,0,0,0
exp140,45,0.5,0.501960784,7384,67,9914,0.743068955,0,0,1,0,0,0
exp141,45,0.25,0.501960784,4984,67,9914,0.4993399,0,0,1,0,0,0
exp142,60,0.9,0.501960784,10126,67,9914,1.0215294,0,0,1,0,0,0
exp143,60,0.75,0.501960784,9153,67,9914,0.922717579,0,0,1,0,0,0
exp144,60,0.5,0.501960784,6113,67,9914,0.61399411,0,0,1,0,0,0
exp145,60,0.25,0.501960784,4376,67,9914,0.437595207,0,0,1,0,0,0
exp146,60,0.1,0.501960784,2877,67,9914,0.285366101,0,0,1,0,0,0
exp147,120,0.5,0.501960784,6010,67,9914,0.603534071,0,0,1,0,0,0
exp148,120,0.25,0.501960784,3322,67,9914,0.33055753,0,0,1,0,0,0
exp149,180,0.75,0.501960784,8314,67,9914,0.837513964,0,0,1,0,0,0
exp150,180,0.5,0.501960784,6172,67,9914,0.619985782,0,0,1,0,0,0
exp151,180,0.25,0.501960784,3760,67,9914,0.375038083,0,0,1,0,0,0
exp152,180,0.1,0.501960784,1916,67,9914,0.187772926,0,0,1,0,0,0
exp153,240,0.75,0.501960784,8309,67,9914,0.837006195,0,0,1,0,0,0
exp154,240,0.5,0.501960784,6018,67,9914,0.604346501,0,0,1,0,0,0
exp155,240,0.25,0.501960784,3244,67,9914,0.322636336,0,0,1,0,0,0
exp156,0.166666667,0.5,0.098039216,9937,67,9914,1.002335737,0,0,1,0,0,0
exp157,0.166666667,0.1,0.098039216,3501,67,9914,0.348735656,0,0,1,0,0,0
exp158,1,0.1,0.098039216,3185,67,9914,0.316644663,0,0,1,0,0,0
exp159,5,0.5,0.098039216,10123,67,9914,1.021224738,0,0,1,0,0,0
exp160,5,0.1,0.098039216,4235,67,9914,0.423276125,0,0,1,0,0,0
exp161,15,0.5,0.098039216,9124,67,9914,0.91977252,0,0,1,0,0,0
exp162,15,0.25,0.098039216,6200,67,9914,0.622829288,0,0,1,0,0,0
exp163,30,0.9,0.098039216,10630,67,9914,1.072712501,0,0,1,0,0,0
exp164,30,0.75,0.098039216,9766,67,9914,0.984970042,0,0,1,0,0,0
exp165,30,0.5,0.098039216,7353,67,9914,0.739920788,0,0,1,0,0,0
exp166,30,0.25,0.098039216,4615,67,9914,0.461866558,0,0,1,0,0,0
exp167,30,0.1,0.098039216,2532,67,9914,0.25033005,0,0,1,0,0,0
exp168,45,0.5,0.098039216,6553,67,9914,0.65867777,0,0,1,0,0,0
exp169,45,0.25,0.098039216,3969,67,9914,0.396262821,0,0,1,0,0,0
exp170,60,0.9,0.098039216,10133,67,9914,1.022240276,0,0,1,0,0,0
exp171,60,0.75,0.098039216,8818,67,9914,0.888697065,0,0,1,0,0,0
exp172,60,0.5,0.098039216,5710,67,9914,0.573067939,0,0,1,0,0,0
exp173,60,0.25,0.098039216,3933,67,9914,0.392606885,0,0,1,0,0,0
exp174,60,0.1,0.098039216,2144,67,9914,0.210927186,0,0,1,0,0,0
exp175,120,0.5,0.098039216,5776,67,9914,0.579770488,0,0,1,0,0,0
exp176,120,0.25,0.098039216,3089,67,9914,0.306895501,0,0,1,0,0,0
exp177,180,0.75,0.098039216,8613,67,9914,0.867878542,0,0,1,0,0,0
exp178,180,0.5,0.098039216,5913,67,9914,0.593683355,0,0,1,0,0,0
exp179,180,0.25,0.098039216,3525,67,9914,0.351172946,0,0,1,0,0,0
exp180,180,0.1,0.098039216,1642,67,9914,0.159947192,0,0,1,0,0,0
exp181,240,0.75,0.098039216,8428,67,9914,0.849091094,0,0,1,0,0,0
exp182,240,0.5,0.098039216,5850,67,9914,0.587285468,0,0,1,0,0,0
exp183,240,0.25,0.098039216,2963,67,9914,0.294099726,0,0,1,0,0,0
exp184,0.166666667,0.5,1,7578,1102,8422,0.884699454,0,0,0,0,0,1
exp185,0.166666667,0.1,1,5118,1102,8422,0.54863388,0,0,0,0,0,1
exp186,60,1,1,8422,1102,8422,1,0,0,0,0,0,1
exp187,60,1,0.894736842,7963,1102,8422,0.937295082,0,0,0,0,0,1
exp188,60,1,0.736842105,7918,1102,8422,0.931147541,0,0,0,0,0,1
exp189,60,1,0.5,7496,1102,8422,0.873497268,0,0,0,0,0,1
exp190,60,1,0.236842105,6426,1102,8422,0.727322404,0,0,0,0,0,1
exp191,60,1,0.078947368,4255,1102,8422,0.430737705,0,0,0,0,0,1
exp192,60,1,0.026315789,2966,1102,8422,0.254644809,0,0,0,0,0,1
exp193,60,1,0,1102,1102,8422,0,0,0,0,0,0,1
exp194,1,0.1,1,5440,1102,8422,0.592622951,0,0,0,0,0,1
exp195,5,0.5,1,7176,1102,8422,0.829781421,0,0,0,0,0,1
exp196,5,0.1,1,4642,1102,8422,0.483606557,0,0,0,0,0,1
exp197,15,0.5,1,7115,1102,8422,0.821448087,0,0,0,0,0,1
exp198,15,0.25,1,5433,1102,8422,0.591666667,0,0,0,0,0,1
exp199,30,0.9,1,8965,1102,8422,1.074180328,0,0,0,0,0,1
exp200,30,0.75,1,8523,1102,8422,1.013797814,0,0,0,0,0,1
exp201,30,0.5,1,6791,1102,8422,0.777185792,0,0,0,0,0,1
exp202,30,0.25,1,4860,1102,8422,0.513387978,0,0,0,0,0,1
exp203,30,0.1,1,2969,1102,8422,0.255054645,0,0,0,0,0,1
exp204,45,0.5,1,6136,1102,8422,0.687704918,0,0,0,0,0,1
exp205,45,0.25,1,5028,1102,8422,0.536338798,0,0,0,0,0,1
exp206,60,0.9,1,9030,1102,8422,1.083060109,0,0,0,0,0,1
exp207,60,0.75,1,7677,1102,8422,0.898224044,0,0,0,0,0,1
exp208,60,0.5,1,6206,1102,8422,0.69726776,0,0,0,0,0,1
exp209,60,0.25,1,5270,1102,8422,0.569398907,0,0,0,0,0,1
exp210,60,0.1,1,3894,1102,8422,0.381420765,0,0,0,0,0,1
exp211,120,0.5,1,6438,1102,8422,0.728961749,0,0,0,0,0,1
exp212,120,0.25,1,4753,1102,8422,0.498770492,0,0,0,0,0,1
exp213,180,0.75,1,7675,1102,8422,0.89795082,0,0,0,0,0,1
exp214,180,0.5,1,6208,1102,8422,0.697540984,0,0,0,0,0,1
exp215,180,0.25,1,4443,1102,8422,0.456420765,0,0,0,0,0,1
exp216,180,0.1,1,3465,1102,8422,0.322814208,0,0,0,0,0,1
exp217,240,0.75,1,7487,1102,8422,0.87226776,0,0,0,0,0,1
exp218,240,0.5,1,6006,1102,8422,0.669945355,0,0,0,0,0,1
exp219,240,0.25,1,4253,1102,8422,0.430464481,0,0,0,0,0,1
exp220,0.166666667,0.5,0.5,6512,1102,8422,0.739071038,0,0,0,0,0,1
exp221,0.166666667,0.1,0.5,4317,1102,8422,0.43920765,0,0,0,0,0,1
exp222,1,0.1,0.5,4319,1102,8422,0.439480874,0,0,0,0,0,1
exp223,5,0.5,0.5,6356,1102,8422,0.717759563,0,0,0,0,0,1
exp224,5,0.1,0.5,3893,1102,8422,0.381284153,0,0,0,0,0,1
exp225,15,0.5,0.5,6069,1102,8422,0.678551913,0,0,0,0,0,1
exp226,15,0.25,0.5,4525,1102,8422,0.467622951,0,0,0,0,0,1
exp227,30,0.9,0.5,7058,1102,8422,0.813661202,0,0,0,0,0,1
exp228,30,0.75,0.5,6992,1102,8422,0.804644809,0,0,0,0,0,1
exp229,30,0.5,0.5,5642,1102,8422,0.620218579,0,0,0,0,0,1
exp230,30,0.25,0.5,4235,1102,8422,0.428005464,0,0,0,0,0,1
exp231,30,0.1,0.5,3139,1102,8422,0.278278689,0,0,0,0,0,1
exp232,45,0.5,0.5,5646,1102,8422,0.620765027,0,0,0,0,0,1
exp233,45,0.25,0.5,4610,1102,8422,0.479234973,0,0,0,0,0,1
exp234,60,0.9,0.5,7946,1102,8422,0.934972678,0,0,0,0,0,1
exp235,60,0.75,0.5,7197,1102,8422,0.832650273,0,0,0,0,0,1
exp236,60,0.5,0.5,5734,1102,8422,0.632786885,0,0,0,0,0,1
exp237,60,0.25,0.5,4476,1102,8422,0.460928962,0,0,0,0,0,1
exp238,60,0.1,0.5,3272,1102,8422,0.296448087,0,0,0,0,0,1
exp239,120,0.5,0.5,5299,1102,8422,0.573360656,0,0,0,0,0,1
exp240,120,0.25,0.5,3927,1102,8422,0.385928962,0,0,0,0,0,1
exp241,180,0.75,0.5,6835,1102,8422,0.783196721,0,0,0,0,0,1
exp242,180,0.5,0.5,5897,1102,8422,0.655054645,0,0,0,0,0,1
exp243,180,0.25,0.5,4382,1102,8422,0.448087432,0,0,0,0,0,1
exp244,180,0.1,0.5,3386,1102,8422,0.312021858,0,0,0,0,0,1
exp245,240,0.75,0.5,7197,1102,8422,0.832650273,0,0,0,0,0,1
exp246,240,0.5,0.5,6061,1102,8422,0.677459016,0,0,0,0,0,1
exp247,240,0.25,0.5,4413,1102,8422,0.452322404,0,0,0,0,0,1
exp248,0.166666667,0.5,0.078947368,3982,1102,8422,0.393442623,0,0,0,0,0,1
exp249,0.166666667,0.1,0.078947368,2748,1102,8422,0.224863388,0,0,0,0,0,1
exp250,1,0.1,0.078947368,2638,1102,8422,0.209836066,0,0,0,0,0,1
exp251,5,0.5,0.078947368,3477,1102,8422,0.324453552,0,0,0,0,0,1
exp252,5,0.1,0.078947368,2429,1102,8422,0.181284153,0,0,0,0,0,1
exp253,15,0.5,0.078947368,3841,1102,8422,0.374180328,0,0,0,0,0,1
exp254,15,0.25,0.078947368,3197,1102,8422,0.286202186,0,0,0,0,0,1
exp255,30,0.9,0.078947368,5004,1102,8422,0.533060109,0,0,0,0,0,1
exp256,30,0.75,0.078947368,4711,1102,8422,0.493032787,0,0,0,0,0,1
exp257,30,0.5,0.078947368,4130,1102,8422,0.413661202,0,0,0,0,0,1
exp258,30,0.25,0.078947368,3324,1102,8422,0.303551913,0,0,0,0,0,1
exp259,30,0.1,0.078947368,2780,1102,8422,0.229234973,0,0,0,0,0,1
exp260,45,0.5,0.078947368,3863,1102,8422,0.377185792,0,0,0,0,0,1
exp261,45,0.25,0.078947368,3167,1102,8422,0.282103825,0,0,0,0,0,1
exp262,60,0.9,0.078947368,4527,1102,8422,0.467896175,0,0,0,0,0,1
exp263,60,0.75,0.078947368,3824,1102,8422,0.371857923,0,0,0,0,0,1
exp264,60,0.5,0.078947368,3164,1102,8422,0.281693989,0,0,0,0,0,1
exp265,60,0.25,0.078947368,2803,1102,8422,0.232377049,0,0,0,0,0,1
exp266,60,0.1,0.078947368,2355,1102,8422,0.171174863,0,0,0,0,0,1
exp267,120,0.5,0.078947368,3418,1102,8422,0.316393443,0,0,0,0,0,1
exp268,120,0.25,0.078947368,2835,1102,8422,0.236748634,0,0,0,0,0,1
exp269,180,0.75,0.078947368,4026,1102,8422,0.399453552,0,0,0,0,0,1
exp270,180,0.5,0.078947368,3492,1102,8422,0.326502732,0,0,0,0,0,1
exp271,180,0.25,0.078947368,2930,1102,8422,0.249726776,0,0,0,0,0,1
exp272,180,0.1,0.078947368,2482,1102,8422,0.18852459,0,0,0,0,0,1
exp273,240,0.75,0.078947368,3940,1102,8422,0.387704918,0,0,0,0,0,1
exp274,240,0.5,0.078947368,3313,1102,8422,0.30204918,0,0,0,0,0,1
exp275,240,0.25,0.078947368,2681,1102,8422,0.215710383,0,0,0,0,0,1
exp276,0.166666667,0.5,1,6189,371,6299,0.981443995,1,0,0,0,0,0
exp277,0.166666667,0.1,1,6072,371,6299,0.961707152,1,0,0,0,0,0
exp278,60,1,1,6299,371,6299,1,1,0,0,0,0,0
exp279,60,1,0.901960784,6125,371,6299,0.970647773,1,0,0,0,0,0
exp280,60,1,0.752941176,6175,371,6299,0.979082321,1,0,0,0,0,0
exp281,60,1,0.501960784,6134,371,6299,0.972165992,1,0,0,0,0,0
exp282,60,1,0.250980392,5848,371,6299,0.923920378,1,0,0,0,0,0
exp283,60,1,0.098039216,5684,371,6299,0.896255061,1,0,0,0,0,0
exp284,60,1,0.031372549,5710,371,6299,0.900641026,1,0,0,0,0,0
exp285,60,1,0,371,371,6299,0,1,0,0,0,0,0
exp286,1,0.1,1,6217,371,6299,0.986167341,1,0,0,0,0,0
exp287,5,0.5,1,6293,371,6299,0.998987854,1,0,0,0,0,0
exp288,5,0.1,1,6241,371,6299,0.990215924,1,0,0,0,0,0
exp289,15,0.5,1,6264,371,6299,0.994095816,1,0,0,0,0,0
exp290,15,0.25,1,6298,371,6299,0.999831309,1,0,0,0,0,0
exp291,30,0.9,1,6249,371,6299,0.991565452,1,0,0,0,0,0
exp292,30,0.75,1,6238,371,6299,0.989709852,1,0,0,0,0,0
exp293,30,0.5,1,6102,371,6299,0.966767881,1,0,0,0,0,0
exp294,30,0.25,1,6079,371,6299,0.962887989,1,0,0,0,0,0
exp295,30,0.1,1,5911,371,6299,0.934547908,1,0,0,0,0,0
exp296,45,0.5,1,6055,371,6299,0.958839406,1,0,0,0,0,0
exp297,45,0.25,1,6081,371,6299,0.963225371,1,0,0,0,0,0
exp298,60,0.9,1,6388,371,6299,1.015013495,1,0,0,0,0,0
exp299,60,0.75,1,6330,371,6299,1.00522942,1,0,0,0,0,0
exp300,60,0.5,1,6255,371,6299,0.992577598,1,0,0,0,0,0
exp301,60,0.25,1,5815,371,6299,0.918353576,1,0,0,0,0,0
exp302,60,0.1,1,5233,371,6299,0.820175439,1,0,0,0,0,0
exp303,120,0.5,1,5654,371,6299,0.891194332,1,0,0,0,0,0
exp304,120,0.25,1,4477,371,6299,0.692645074,1,0,0,0,0,0
exp305,180,0.75,1,6059,371,6299,0.95951417,1,0,0,0,0,0
exp306,180,0.5,1,5151,371,6299,0.80634278,1,0,0,0,0,0
exp307,180,0.25,1,3901,371,6299,0.595479082,1,0,0,0,0,0
exp308,180,0.1,1,3121,371,6299,0.463900135,1,0,0,0,0,0
exp309,240,0.75,1,5628,371,6299,0.886808367,1,0,0,0,0,0
exp310,240,0.5,1,4644,371,6299,0.720816464,1,0,0,0,0,0
exp311,240,0.25,1,3308,371,6299,0.495445344,1,0,0,0,0,0
exp312,0.166666667,0.5,0.501960784,6091,371,6299,0.964912281,1,0,0,0,0,0
exp313,0.166666667,0.1,0.501960784,6047,371,6299,0.957489879,1,0,0,0,0,0
exp314,1,0.1,0.501960784,6008,371,6299,0.950910931,1,0,0,0,0,0
exp315,5,0.5,0.501960784,6100,371,6299,0.966430499,1,0,0,0,0,0
exp316,5,0.1,0.501960784,5838,371,6299,0.922233468,1,0,0,0,0,0
exp317,15,0.5,0.501960784,5935,371,6299,0.938596491,1,0,0,0,0,0
exp318,15,0.25,0.501960784,5966,371,6299,0.943825911,1,0,0,0,0,0
exp319,30,0.9,0.501960784,5862,371,6299,0.926282051,1,0,0,0,0,0
exp320,30,0.75,0.501960784,5977,371,6299,0.945681511,1,0,0,0,0,0
exp321,30,0.5,0.501960784,5702,371,6299,0.899291498,1,0,0,0,0,0
exp322,30,0.25,0.501960784,5893,371,6299,0.931511471,1,0,0,0,0,0
exp323,30,0.1,0.501960784,5644,371,6299,0.889507422,1,0,0,0,0,0
exp324,45,0.5,0.501960784,6025,371,6299,0.953778677,1,0,0,0,0,0
exp325,45,0.25,0.501960784,6072,371,6299,0.961707152,1,0,0,0,0,0
exp326,60,0.9,0.501960784,6109,371,6299,0.967948718,1,0,0,0,0,0
exp327,60,0.75,0.501960784,6073,371,6299,0.961875843,1,0,0,0,0,0
exp328,60,0.5,0.501960784,5857,371,6299,0.925438596,1,0,0,0,0,0
exp329,60,0.25,0.501960784,5572,371,6299,0.877361673,1,0,0,0,0,0
exp330,60,0.1,0.501960784,5099,371,6299,0.79757085,1,0,0,0,0,0
exp331,120,0.5,0.501960784,5390,371,6299,0.846659919,1,0,0,0,0,0
exp332,120,0.25,0.501960784,4438,371,6299,0.686066127,1,0,0,0,0,0
exp333,180,0.75,0.501960784,5855,371,6299,0.925101215,1,0,0,0,0,0
exp334,180,0.5,0.501960784,5094,371,6299,0.796727395,1,0,0,0,0,0
exp335,180,0.25,0.501960784,3820,371,6299,0.581815115,1,0,0,0,0,0
exp336,180,0.1,0.501960784,3010,371,6299,0.445175439,1,0,0,0,0,0
exp337,240,0.75,0.501960784,5750,371,6299,0.907388664,1,0,0,0,0,0
exp338,240,0.5,0.501960784,4646,371,6299,0.721153846,1,0,0,0,0,0
exp339,240,0.25,0.501960784,3336,371,6299,0.500168691,1,0,0,0,0,0
exp340,0.166666667,0.5,0.098039216,5965,371,6299,0.94365722,1,0,0,0,0,0
exp341,0.166666667,0.1,0.098039216,5967,371,6299,0.943994602,1,0,0,0,0,0
exp342,1,0.1,0.098039216,5771,371,6299,0.910931174,1,0,0,0,0,0
exp343,5,0.5,0.098039216,5722,371,6299,0.902665317,1,0,0,0,0,0
exp344,5,0.1,0.098039216,6354,371,6299,1.009278003,1,0,0,0,0,0
exp345,15,0.5,0.098039216,6083,371,6299,0.963562753,1,0,0,0,0,0
exp346,15,0.25,0.098039216,6225,371,6299,0.987516869,1,0,0,0,0,0
exp347,30,0.9,0.098039216,5480,371,6299,0.861842105,1,0,0,0,0,0
exp348,30,0.75,0.098039216,6054,371,6299,0.958670715,1,0,0,0,0,0
exp349,30,0.5,0.098039216,6133,371,6299,0.971997301,1,0,0,0,0,0
exp350,30,0.25,0.098039216,6152,371,6299,0.975202429,1,0,0,0,0,0
exp351,30,0.1,0.098039216,6067,371,6299,0.960863698,1,0,0,0,0,0
exp352,45,0.5,0.098039216,6126,371,6299,0.970816464,1,0,0,0,0,0
exp353,45,0.25,0.098039216,5895,371,6299,0.931848853,1,0,0,0,0,0
exp354,60,0.9,0.098039216,5834,371,6299,0.921558704,1,0,0,0,0,0
exp355,60,0.75,0.098039216,5825,371,6299,0.920040486,1,0,0,0,0,0
exp356,60,0.5,0.098039216,6099,371,6299,0.966261808,1,0,0,0,0,0
exp357,60,0.25,0.098039216,5735,371,6299,0.9048583,1,0,0,0,0,0
exp358,60,0.1,0.098039216,5058,371,6299,0.790654521,1,0,0,0,0,0
exp359,120,0.5,0.098039216,5484,371,6299,0.862516869,1,0,0,0,0,0
exp360,120,0.25,0.098039216,4350,371,6299,0.671221323,1,0,0,0,0,0
exp361,180,0.75,0.098039216,5957,371,6299,0.942307692,1,0,0,0,0,0
exp362,180,0.5,0.098039216,5044,371,6299,0.788292848,1,0,0,0,0,0
exp363,180,0.25,0.098039216,3930,371,6299,0.60037112,1,0,0,0,0,0
exp364,180,0.1,0.098039216,2884,371,6299,0.423920378,1,0,0,0,0,0
exp365,240,0.75,0.098039216,5729,371,6299,0.903846154,1,0,0,0,0,0
exp366,240,0.5,0.098039216,4492,371,6299,0.695175439,1,0,0,0,0,0
exp367,240,0.25,0.098039216,3208,371,6299,0.478576248,1,0,0,0,0,0
exp368,0.166666667,0.5,1,9160,5330,9258,0.975050916,0,1,0,0,0,0
exp369,0.166666667,0.1,1,9279,5330,9258,1.005346232,0,1,0,0,0,0
exp370,60,1,1,9258,5330,9258,1,0,1,0,0,0,0
exp371,60,1,0.894736842,8803,5330,9258,0.884164969,0,1,0,0,0,0
exp372,60,1,0.736842105,9042,5330,9258,0.945010183,0,1,0,0,0,0
exp373,60,1,0.5,9177,5330,9258,0.979378819,0,1,0,0,0,0
exp374,60,1,0.236842105,8835,5330,9258,0.892311609,0,1,0,0,0,0
exp375,60,1,0.078947368,8851,5330,9258,0.896384929,0,1,0,0,0,0
exp376,60,1,0.026315789,9188,5330,9258,0.982179226,0,1,0,0,0,0
exp377,60,1,0,5330,5330,9258,0,0,1,0,0,0,0
exp378,1,0.1,1,9779,5330,9258,1.132637475,0,1,0,0,0,0
exp379,5,0.5,1,9508,5330,9258,1.063645621,0,1,0,0,0,0
exp380,5,0.1,1,9709,5330,9258,1.114816701,0,1,0,0,0,0
exp381,15,0.5,1,9571,5330,9258,1.079684318,0,1,0,0,0,0
exp382,15,0.25,1,9767,5330,9258,1.129582485,0,1,0,0,0,0
exp383,30,0.9,1,9397,5330,9258,1.035386965,0,1,0,0,0,0
exp384,30,0.75,1,9507,5330,9258,1.063391039,0,1,0,0,0,0
exp385,30,0.5,1,9506,5330,9258,1.063136456,0,1,0,0,0,0
exp386,30,0.25,1,9867,5330,9258,1.155040733,0,1,0,0,0,0
exp387,30,0.1,1,9641,5330,9258,1.097505092,0,1,0,0,0,0
exp388,45,0.5,1,10010,5330,9258,1.191446029,0,1,0,0,0,0
exp389,45,0.25,1,10318,5330,9258,1.269857434,0,1,0,0,0,0
exp390,60,0.9,1,9640,5330,9258,1.097250509,0,1,0,0,0,0
exp391,60,0.75,1,9516,5330,9258,1.065682281,0,1,0,0,0,0
exp392,60,0.5,1,9975,5330,9258,1.182535642,0,1,0,0,0,0
exp393,60,0.25,1,10376,5330,9258,1.284623218,0,1,0,0,0,0
exp394,60,0.1,1,10146,5330,9258,1.226069246,0,1,0,0,0,0
exp395,120,0.5,1,9553,5330,9258,1.075101833,0,1,0,0,0,0
exp396,120,0.25,1,8871,5330,9258,0.901476578,0,1,0,0,0,0
exp397,180,0.75,1,9319,5330,9258,1.015529532,0,1,0,0,0,0
exp398,180,0.5,1,9362,5330,9258,1.026476578,0,1,0,0,0,0
exp399,180,0.25,1,8238,5330,9258,0.740325866,0,1,0,0,0,0
exp400,180,0.1,1,8337,5330,9258,0.765529532,0,1,0,0,0,0
exp401,240,0.75,1,9014,5330,9258,0.937881874,0,1,0,0,0,0
exp402,240,0.5,1,8519,5330,9258,0.811863544,0,1,0,0,0,0
exp403,240,0.25,1,7592,5330,9258,0.57586558,0,1,0,0,0,0
exp404,0.166666667,0.5,0.5,9142,5330,9258,0.970468432,0,1,0,0,0,0
exp405,0.166666667,0.1,0.5,9291,5330,9258,1.008401222,0,1,0,0,0,0
exp406,1,0.1,0.5,9228,5330,9258,0.992362525,0,1,0,0,0,0
exp407,5,0.5,0.5,9062,5330,9258,0.950101833,0,1,0,0,0,0
exp408,5,0.1,0.5,9012,5330,9258,0.937372709,0,1,0,0,0,0
exp409,15,0.5,0.5,8896,5330,9258,0.907841141,0,1,0,0,0,0
exp410,15,0.25,0.5,9565,5330,9258,1.078156823,0,1,0,0,0,0
exp411,30,0.9,0.5,9154,5330,9258,0.973523422,0,1,0,0,0,0
exp412,30,0.75,0.5,9590,5330,9258,1.084521385,0,1,0,0,0,0
exp413,30,0.5,0.5,8972,5330,9258,0.927189409,0,1,0,0,0,0
exp414,30,0.25,0.5,9647,5330,9258,1.099032587,0,1,0,0,0,0
exp415,30,0.1,0.5,9899,5330,9258,1.163187373,0,1,0,0,0,0
exp416,45,0.5,0.5,9451,5330,9258,1.04913442,0,1,0,0,0,0
exp417,45,0.25,0.5,10197,5330,9258,1.239052953,0,1,0,0,0,0
exp418,60,0.9,0.5,9055,5330,9258,0.948319756,0,1,0,0,0,0
exp419,60,0.75,0.5,8985,5330,9258,0.930498982,0,1,0,0,0,0
exp420,60,0.5,0.5,9129,5330,9258,0.967158859,0,1,0,0,0,0
exp421,60,0.25,0.5,9441,5330,9258,1.046588595,0,1,0,0,0,0
exp422,60,0.1,0.5,9933,5330,9258,1.171843177,0,1,0,0,0,0
exp423,120,0.5,0.5,9802,5330,9258,1.138492872,0,1,0,0,0,0
exp424,120,0.25,0.5,9289,5330,9258,1.007892057,0,1,0,0,0,0
exp425,180,0.75,0.5,9250,5330,9258,0.99796334,0,1,0,0,0,0
exp426,180,0.5,0.5,9465,5330,9258,1.052698574,0,1,0,0,0,0
exp427,180,0.25,0.5,8436,5330,9258,0.790733198,0,1,0,0,0,0
exp428,180,0.1,0.5,7779,5330,9258,0.623472505,0,1,0,0,0,0
exp429,240,0.75,0.5,9272,5330,9258,1.003564155,0,1,0,0,0,0
exp430,240,0.5,0.5,8412,5330,9258,0.784623218,0,1,0,0,0,0
exp431,240,0.25,0.5,7278,5330,9258,0.49592668,0,1,0,0,0,0
exp432,0.166666667,0.5,0.078947368,9255,5330,9258,0.999236253,0,1,0,0,0,0
exp433,0.166666667,0.1,0.078947368,9954,5330,9258,1.177189409,0,1,0,0,0,0
exp434,1,0.1,0.078947368,10115,5330,9258,1.218177189,0,1,0,0,0,0
exp435,5,0.5,0.078947368,9395,5330,9258,1.0348778,0,1,0,0,0,0
exp436,5,0.1,0.078947368,10531,5330,9258,1.324083503,0,1,0,0,0,0
exp437,15,0.5,0.078947368,9660,5330,9258,1.102342159,0,1,0,0,0,0
exp438,15,0.25,0.078947368,9485,5330,9258,1.057790224,0,1,0,0,0,0
exp439,30,0.9,0.078947368,9477,5330,9258,1.055753564,0,1,0,0,0,0
exp440,30,0.75,0.078947368,9447,5330,9258,1.04811609,0,1,0,0,0,0
exp441,30,0.5,0.078947368,9673,5330,9258,1.105651731,0,1,0,0,0,0
exp442,30,0.25,0.078947368,9927,5330,9258,1.170315682,0,1,0,0,0,0
exp443,30,0.1,0.078947368,10248,5330,9258,1.25203666,0,1,0,0,0,0
exp444,45,0.5,0.078947368,9730,5330,9258,1.120162933,0,1,0,0,0,0
exp445,45,0.25,0.078947368,10206,5330,9258,1.241344196,0,1,0,0,0,0
exp446,60,0.9,0.078947368,9224,5330,9258,0.991344196,0,1,0,0,0,0
exp447,60,0.75,0.078947368,9401,5330,9258,1.036405295,0,1,0,0,0,0
exp448,60,0.5,0.078947368,10177,5330,9258,1.233961303,0,1,0,0,0,0
exp449,60,0.25,0.078947368,9919,5330,9258,1.168279022,0,1,0,0,0,0
exp450,60,0.1,0.078947368,9595,5330,9258,1.085794297,0,1,0,0,0,0
exp451,120,0.5,0.078947368,9330,5330,9258,1.018329939,0,1,0,0,0,0
exp452,120,0.25,0.078947368,8822,5330,9258,0.889002037,0,1,0,0,0,0
exp453,180,0.75,0.078947368,9275,5330,9258,1.004327902,0,1,0,0,0,0
exp454,180,0.5,0.078947368,8794,5330,9258,0.881873727,0,1,0,0,0,0
exp455,180,0.25,0.078947368,8023,5330,9258,0.685590631,0,1,0,0,0,0
exp456,180,0.1,0.078947368,7359,5330,9258,0.516547862,0,1,0,0,0,0
exp457,240,0.75,0.078947368,9162,5330,9258,0.975560081,0,1,0,0,0,0
exp458,240,0.5,0.078947368,8194,5330,9258,0.729124236,0,1,0,0,0,0
exp459,240,0.25,0.078947368,7209,5330,9258,0.478360489,0,1,0,0,0,0
exp460,0.166666667,0.5,1,8944,3742,9081,0.974339764,0,0,0,1,0,0
exp461,0.166666667,0.1,1,9071,3742,9081,0.99812699,0,0,0,1,0,0
exp462,60,1,1,9081,3742,9081,1,0,0,0,1,0,0
exp463,60,1,0.901960784,8875,3742,9081,0.961415996,0,0,0,1,0,0
exp464,60,1,0.752941176,8944,3742,9081,0.974339764,0,0,0,1,0,0
exp465,60,1,0.501960784,8757,3742,9081,0.939314478,0,0,0,1,0,0
exp466,60,1,0.250980392,8455,3742,9081,0.882749579,0,0,0,1,0,0
exp467,60,1,0.098039216,8082,3742,9081,0.812886308,0,0,0,1,0,0
exp468,60,1,0.031372549,7824,3742,9081,0.764562652,0,0,0,1,0,0
exp469,60,1,0,3742,3742,9081,0,0,0,0,1,0,0
exp470,1,0.1,1,9377,3742,9081,1.055441094,0,0,0,1,0,0
exp471,5,0.5,1,9357,3742,9081,1.051695074,0,0,0,1,0,0
exp472,5,0.1,1,9418,3742,9081,1.063120435,0,0,0,1,0,0
exp473,15,0.5,1,9334,3742,9081,1.047387151,0,0,0,1,0,0
exp474,15,0.25,1,9243,3742,9081,1.030342761,0,0,0,1,0,0
exp475,30,0.9,1,9207,3742,9081,1.023599925,0,0,0,1,0,0
exp476,30,0.75,1,9054,3742,9081,0.994942873,0,0,0,1,0,0
exp477,30,0.5,1,8653,3742,9081,0.919835175,0,0,0,1,0,0
exp478,30,0.25,1,8171,3742,9081,0.829556097,0,0,0,1,0,0
exp479,30,0.1,1,7398,3742,9081,0.684772429,0,0,0,1,0,0
exp480,45,0.5,1,8651,3742,9081,0.919460573,0,0,0,1,0,0
exp481,45,0.25,1,8456,3742,9081,0.88293688,0,0,0,1,0,0
exp482,60,0.9,1,9490,3742,9081,1.076606106,0,0,0,1,0,0
exp483,60,0.75,1,9421,3742,9081,1.063682338,0,0,0,1,0,0
exp484,60,0.5,1,8826,3742,9081,0.952238247,0,0,0,1,0,0
exp485,60,0.25,1,8175,3742,9081,0.830305301,0,0,0,1,0,0
exp486,60,0.1,1,7646,3742,9081,0.731223075,0,0,0,1,0,0
exp487,120,0.5,1,8067,3742,9081,0.810076793,0,0,0,1,0,0
exp488,120,0.25,1,6858,3742,9081,0.583629893,0,0,0,1,0,0
exp489,180,0.75,1,8309,3742,9081,0.855403634,0,0,0,1,0,0
exp490,180,0.5,1,7395,3742,9081,0.684210526,0,0,0,1,0,0
exp491,180,0.25,1,6343,3742,9081,0.487169882,0,0,0,1,0,0
exp492,180,0.1,1,5932,3742,9081,0.410189174,0,0,0,1,0,0
exp493,240,0.75,1,8574,3742,9081,0.905038397,0,0,0,1,0,0
exp494,240,0.5,1,7610,3742,9081,0.72448024,0,0,0,1,0,0
exp495,240,0.25,1,6204,3742,9081,0.461135044,0,0,0,1,0,0
exp496,0.166666667,0.5,0.501960784,9264,3742,9081,1.034276082,0,0,0,1,0,0
exp497,0.166666667,0.1,0.501960784,9037,3742,9081,0.991758756,0,0,0,1,0,0
exp498,1,0.1,0.501960784,8879,3742,9081,0.962165199,0,0,0,1,0,0
exp499,5,0.5,0.501960784,8998,3742,9081,0.984454018,0,0,0,1,0,0
exp500,5,0.1,0.501960784,8340,3742,9081,0.861209964,0,0,0,1,0,0
exp501,15,0.5,0.501960784,8417,3742,9081,0.875632141,0,0,0,1,0,0
exp502,15,0.25,0.501960784,8341,3742,9081,0.861397265,0,0,0,1,0,0
exp503,30,0.9,0.501960784,8212,3742,9081,0.837235437,0,0,0,1,0,0
exp504,30,0.75,0.501960784,8603,3742,9081,0.910470125,0,0,0,1,0,0
exp505,30,0.5,0.501960784,8387,3742,9081,0.870013111,0,0,0,1,0,0
exp506,30,0.25,0.501960784,8620,3742,9081,0.913654242,0,0,0,1,0,0
exp507,30,0.1,0.501960784,8189,3742,9081,0.832927515,0,0,0,1,0,0
exp508,45,0.5,0.501960784,8700,3742,9081,0.928638322,0,0,0,1,0,0
exp509,45,0.25,0.501960784,8337,3742,9081,0.860648061,0,0,0,1,0,0
exp510,60,0.9,0.501960784,8933,3742,9081,0.972279453,0,0,0,1,0,0
exp511,60,0.75,0.501960784,8788,3742,9081,0.945120809,0,0,0,1,0,0
exp512,60,0.5,0.501960784,7862,3742,9081,0.77168009,0,0,0,1,0,0
exp513,60,0.25,0.501960784,7430,3742,9081,0.690766061,0,0,0,1,0,0
exp514,60,0.1,0.501960784,7080,3742,9081,0.625210714,0,0,0,1,0,0
exp515,120,0.5,0.501960784,7531,3742,9081,0.709683461,0,0,0,1,0,0
exp516,120,0.25,0.501960784,6662,3742,9081,0.546918899,0,0,0,1,0,0
exp517,180,0.75,0.501960784,8281,3742,9081,0.850159206,0,0,0,1,0,0
exp518,180,0.5,0.501960784,7639,3742,9081,0.729911969,0,0,0,1,0,0
exp519,180,0.25,0.501960784,6636,3742,9081,0.542049073,0,0,0,1,0,0
exp520,180,0.1,0.501960784,5822,3742,9081,0.389586065,0,0,0,1,0,0
exp521,240,0.75,0.501960784,8246,3742,9081,0.843603671,0,0,0,1,0,0
exp522,240,0.5,0.501960784,7233,3742,9081,0.653867765,0,0,0,1,0,0
exp523,240,0.25,0.501960784,5948,3742,9081,0.41318599,0,0,0,1,0,0
exp524,0.166666667,0.5,0.098039216,8466,3742,9081,0.884809889,0,0,0,1,0,0
exp525,0.166666667,0.1,0.098039216,7711,3742,9081,0.74339764,0,0,0,1,0,0
exp526,1,0.1,0.098039216,7562,3742,9081,0.715489792,0,0,0,1,0,0
exp527,5,0.5,0.098039216,8274,3742,9081,0.848848099,0,0,0,1,0,0
exp528,5,0.1,0.098039216,7510,3742,9081,0.70575014,0,0,0,1,0,0
exp529,15,0.5,0.098039216,8266,3742,9081,0.847349691,0,0,0,1,0,0
exp530,15,0.25,0.098039216,8175,3742,9081,0.830305301,0,0,0,1,0,0
exp531,30,0.9,0.098039216,8612,3742,9081,0.912155834,0,0,0,1,0,0
exp532,30,0.75,0.098039216,8432,3742,9081,0.878441656,0,0,0,1,0,0
exp533,30,0.5,0.098039216,8341,3742,9081,0.861397265,0,0,0,1,0,0
exp534,30,0.25,0.098039216,7970,3742,9081,0.791908597,0,0,0,1,0,0
exp535,30,0.1,0.098039216,7228,3742,9081,0.652931261,0,0,0,1,0,0
exp536,45,0.5,0.098039216,8215,3742,9081,0.83779734,0,0,0,1,0,0
exp537,45,0.25,0.098039216,7657,3742,9081,0.733283386,0,0,0,1,0,0
exp538,60,0.9,0.098039216,8319,3742,9081,0.857276644,0,0,0,1,0,0
exp539,60,0.75,0.098039216,8056,3742,9081,0.808016482,0,0,0,1,0,0
exp540,60,0.5,0.098039216,7574,3742,9081,0.717737404,0,0,0,1,0,0
exp541,60,0.25,0.098039216,7351,3742,9081,0.675969283,0,0,0,1,0,0
exp542,60,0.1,0.098039216,6748,3742,9081,0.563026784,0,0,0,1,0,0
exp543,120,0.5,0.098039216,7381,3742,9081,0.681588312,0,0,0,1,0,0
exp544,120,0.25,0.098039216,6444,3742,9081,0.506087282,0,0,0,1,0,0
exp545,180,0.75,0.098039216,7991,3742,9081,0.795841918,0,0,0,1,0,0
exp546,180,0.5,0.098039216,7129,3742,9081,0.634388462,0,0,0,1,0,0
exp547,180,0.25,0.098039216,6284,3742,9081,0.476119123,0,0,0,1,0,0
exp548,180,0.1,0.098039216,5514,3742,9081,0.331897359,0,0,0,1,0,0
exp549,240,0.75,0.098039216,7940,3742,9081,0.786289567,0,0,0,1,0,0
exp550,240,0.5,0.098039216,6731,3742,9081,0.559842667,0,0,0,1,0,0
exp551,240,0.25,0.098039216,5773,3742,9081,0.380408316,0,0,0,1,0,0
